|numvelasfp|empresa|numeroPredicciones|ratioFalsosPositivos|subgrupos
0|1|AAPL|19|5.3000|SG_30;SG_35;SG_14;SG_25;SG_19;SG_30;SG_45;SG_14;SG_25;SG_50;SG_19;SG_46
1|1|AAWW|16|6.2000|SG_29;SG_35;SG_3;SG_17;SG_42;SG_29;SG_35;SG_23;SG_40;SG_3;SG_50;SG_46;SG_47
2|2|ACAD|14|14.3000|SG_11;SG_35;SG_25;SG_3;SG_50;SG_46;SG_39;SG_11;SG_35;SG_43;SG_42;SG_39
3|1|BNR|7|14.3000|SG_21;SG_4;SG_25;SG_11;SG_25;SG_43
4|1|API|6|16.7000|SG_21;SG_32;SG_42;SG_14;SG_25
5|2|ATRO|11|18.2000|SG_35;SG_21;SG_39;SG_30;SG_35;SG_21;SG_4;SG_23;SG_50;SG_12
6|2|BLI|10|20.0000|SG_45;SG_27;SG_21;SG_22;SG_43;SG_35;SG_21;SG_46
7|1|DJCO|5|20.0000|SG_38;SG_35;SG_42;SG_30
8|2|ANY|10|20.0000|SG_35;SG_14;SG_21;SG_5;SG_14;SG_51;SG_25;SG_42
9|2|IRTC|10|20.0000|SG_22;SG_42;SG_30;SG_11;SG_45;SG_35;SG_3;SG_42
10|1|HMNF|5|20.0000|SG_30;SG_10;SG_30;SG_5;SG_10
11|3|CERN|14|21.4000|SG_30;SG_20;SG_35;SG_22;SG_50;SG_2;SG_35;SG_22;SG_50;SG_39
12|2|CLBK|9|22.2000|SG_45;SG_37;SG_3;SG_50;SG_45;SG_37;SG_3;SG_42
13|2|HWC|9|22.2000|SG_30;SG_41;SG_22;SG_10;SG_3;SG_22;SG_18;SG_39
14|2|MCBS|9|22.2000|SG_30;SG_4;SG_37;SG_25;SG_10;SG_18;SG_4;SG_41
15|5|ICLK|22|22.7000|SG_38;SG_14;SG_5;SG_42;SG_28;SG_38;SG_35;SG_14;SG_21;SG_22;SG_42
16|3|AKBA|13|23.1000|SG_35;SG_23;SG_50;SG_43;SG_29;SG_38;SG_11;SG_45;SG_21;SG_4;SG_23
17|3|GSBC|13|23.1000|SG_38;SG_22;SG_49;SG_46;SG_10;SG_18;SG_47;SG_35;SG_48;SG_49;SG_50;SG_47
18|3|ACMR|12|25.0000|SG_29;SG_38;SG_4;SG_42;SG_46;SG_29;SG_4;SG_22
19|3|ACBI|12|25.0000|SG_30;SG_22;SG_50;SG_46;SG_10;SG_18;SG_35;SG_4;SG_22;SG_46
20|2|ARLP|8|25.0000|SG_35;SG_4;SG_41;SG_7;SG_4;SG_22
21|1|MDJH|4|25.0000|SG_21;SG_45;SG_21;SG_42
22|3|FFIN|12|25.0000|SG_3;SG_46;SG_10;SG_18;SG_39;SG_30;SG_25;SG_3;SG_46;SG_18
23|3|CNET|12|25.0000|SG_28;SG_14;SG_25;SG_32;SG_28;SG_14;SG_25;SG_32
24|3|MGRC|12|25.0000|SG_30;SG_4;SG_12;SG_39;SG_45;SG_41;SG_50;SG_18;SG_39
25|2|BFRA|8|25.0000|SG_29;SG_37;SG_51;SG_24;SG_29;SG_5
26|3|EMKR|11|27.3000|SG_29;SG_14;SG_25;SG_29;SG_35;SG_14;SG_25;SG_50;SG_5
27|3|BCOV|11|27.3000|SG_35;SG_4;SG_25;SG_42;SG_39;SG_20;SG_25;SG_50;SG_39
28|3|BBCP|11|27.3000|SG_30;SG_35;SG_21;SG_4;SG_24;SG_12;SG_30;SG_21;SG_4;SG_39
29|3|CREG|11|27.3000|SG_29;SG_17;SG_29;SG_6;SG_37;SG_17;SG_12
30|4|CVV|14|28.6000|SG_30;SG_22;SG_42;SG_30;SG_6;SG_37;SG_22;SG_50;SG_12;SG_42
31|2|DYNT|7|28.6000|SG_29;SG_11;SG_37;SG_22;SG_17;SG_43
32|4|MGEE|14|28.6000|SG_38;SG_3;SG_50;SG_7;SG_18;SG_38;SG_45;SG_35;SG_41;SG_3;SG_50;SG_7
33|2|BLDP|7|28.6000|SG_35;SG_21;SG_22;SG_28;SG_42
34|4|FCCO|14|28.6000|SG_45;SG_41;SG_50;SG_5;SG_10;SG_30;SG_38;SG_45;SG_22;SG_5;SG_18
35|2|BBQ|7|28.6000|SG_5;SG_30;SG_22;SG_17;SG_50;SG_5
36|4|BIOC|14|28.6000|SG_11;SG_37;SG_22;SG_17;SG_43;SG_29;SG_17;SG_50;SG_43;SG_42
37|4|HBP|14|28.6000|SG_29;SG_38;SG_45;SG_23;SG_29;SG_45;SG_17;SG_5
38|2|ABTX|7|28.6000|SG_30;SG_41;SG_50;SG_18;SG_41;SG_50;SG_10
39|4|CSTE|14|28.6000|SG_38;SG_4;SG_41;SG_22;SG_12;SG_18;SG_30;SG_4;SG_33
40|5|ADES|17|29.4000|SG_30;SG_38;SG_22;SG_50;SG_12;SG_42;SG_30;SG_22;SG_17;SG_12;SG_5;SG_42
41|3|EVBG|10|30.0000|SG_14;SG_50;SG_46;SG_21;SG_40;SG_50;SG_46
42|3|COLM|10|30.0000|SG_38;SG_41;SG_25;SG_3;SG_9;SG_30;SG_38;SG_9
43|3|ITRN|10|30.0000|SG_30;SG_14;SG_41;SG_18;SG_39;SG_41;SG_33;SG_39
44|4|CFBK|13|30.8000|SG_30;SG_41;SG_22;SG_46;SG_30;SG_35;SG_41;SG_5;SG_46;SG_10
45|4|DLPN|13|30.8000|SG_14;SG_21;SG_22;SG_42;SG_45;SG_6;SG_35;SG_14;SG_21;SG_42
46|4|ACCD|13|30.8000|SG_11;SG_45;SG_21;SG_22;SG_50;SG_43;SG_42;SG_11;SG_45
47|5|KE|16|31.2000|SG_29;SG_4;SG_12;SG_42;SG_46;SG_4;SG_22;SG_17;SG_50;SG_42
48|3|AEHL|9|33.3000|SG_37;SG_32;SG_12;SG_42;SG_27;SG_37;SG_23;SG_32;SG_12
49|3|FSV|9|33.3000|SG_29;SG_41;SG_3;SG_19;SG_39;SG_29;SG_3
50|5|KTOS|15|33.3000|SG_29;SG_3;SG_46;SG_29;SG_48;SG_3;SG_50;SG_12;SG_42;SG_18
51|3|BWMX|9|33.3000|SG_30;SG_23;SG_9;SG_30;SG_45;SG_4;SG_23;SG_18
52|4|ATRS|12|33.3000|SG_38;SG_11;SG_4;SG_22;SG_17;SG_50;SG_38;SG_35;SG_22;SG_42
53|3|GTH|9|33.3000|SG_45;SG_21;SG_4;SG_32;SG_4;SG_43;SG_42
54|3|CWST|9|33.3000|SG_30;SG_35;SG_3;SG_12;SG_46;SG_40;SG_3
55|5|AOUT|15|33.3000|SG_50;SG_5;SG_46;SG_18;SG_35;SG_42;SG_46;SG_18;SG_9
56|2|FNHC|6|33.3000|SG_29;SG_38;SG_21;SG_41;SG_10;SG_29
57|5|ICUI|15|33.3000|SG_11;SG_50;SG_43;SG_19;SG_47;SG_30;SG_11;SG_25;SG_50;SG_19;SG_47
58|3|JCS|9|33.3000|SG_38;SG_45;SG_25;SG_50;SG_38;SG_14;SG_21;SG_41;SG_25
59|3|JFU|9|33.3000|SG_14;SG_21;SG_25;SG_29;SG_14;SG_25;SG_32
60|2|KNDI|6|33.3000|SG_51;SG_32;SG_42;SG_46;SG_29;SG_37
61|2|HOLI|6|33.3000|SG_41;SG_18;SG_22;SG_12;SG_18
62|2|FNCB|6|33.3000|SG_22;SG_17;SG_5;SG_30;SG_17;SG_5
63|4|CAAS|12|33.3000|SG_29;SG_22;SG_5;SG_18;SG_9;SG_29;SG_5;SG_42
64|1|CJJD|3|33.3000|SG_28;SG_42
65|5|CRON|14|35.7000|SG_29;SG_21;SG_37;SG_42;SG_29;SG_11;SG_4;SG_43;SG_42
66|5|AMAT|14|35.7000|SG_45;SG_14;SG_50;SG_46;SG_29;SG_45;SG_35;SG_14;SG_50;SG_46;SG_18
67|5|CRTO|14|35.7000|SG_29;SG_14;SG_48;SG_25;SG_3;SG_42;SG_47;SG_51;SG_25
68|5|IMOS|14|35.7000|SG_30;SG_45;SG_14;SG_4;SG_37;SG_22;SG_30;SG_45;SG_14;SG_37
69|5|HQY|14|35.7000|SG_21;SG_23;SG_42;SG_46;SG_39;SG_29;SG_11;SG_21;SG_50;SG_46
70|4|GOSS|11|36.4000|SG_29;SG_21;SG_50;SG_39;SG_29;SG_11;SG_45;SG_4;SG_50;SG_39
71|4|GSMG|11|36.4000|SG_29;SG_14;SG_37;SG_22;SG_17;SG_14;SG_32;SG_5
72|4|CTMX|11|36.4000|SG_45;SG_21;SG_25;SG_50;SG_28;SG_25;SG_50
73|4|CZNC|11|36.4000|SG_30;SG_4;SG_50;SG_46;SG_18;SG_47;SG_30;SG_41;SG_46;SG_18
74|4|LQDT|11|36.4000|SG_29;SG_25;SG_50;SG_42;SG_29;SG_25;SG_42
75|4|AVO|11|36.4000|SG_29;SG_45;SG_18;SG_29;SG_38;SG_4;SG_22;SG_18
76|7|ALEC|19|36.8000|SG_29;SG_11;SG_35;SG_4;SG_25;SG_50;SG_43;SG_46;SG_29;SG_45;SG_21;SG_25;SG_43;SG_42;SG_46;SG_39
77|7|FRLN|19|36.8000|SG_28;SG_38;SG_11;SG_25;SG_50;SG_43;SG_28;SG_38;SG_45;SG_6;SG_21;SG_25;SG_50
78|3|FARM|8|37.5000|SG_46;SG_39;SG_23;SG_50;SG_5
79|6|INDB|16|37.5000|SG_30;SG_50;SG_10;SG_18;SG_30;SG_3;SG_22;SG_50;SG_46;SG_18;SG_39
80|6|FBNC|16|37.5000|SG_4;SG_46;SG_39;SG_35;SG_4;SG_22;SG_50;SG_18;SG_39
81|6|GTHX|16|37.5000|SG_29;SG_11;SG_45;SG_21;SG_4;SG_43;SG_42;SG_39;SG_29;SG_45;SG_21;SG_4;SG_22
82|3|CAC|8|37.5000|SG_30;SG_46;SG_18;SG_41;SG_46;SG_39
83|6|GPRE|16|37.5000|SG_35;SG_21;SG_7;SG_42;SG_46;SG_29;SG_21;SG_4;SG_23;SG_7
84|3|CYBE|8|37.5000|SG_29;SG_50;SG_42;SG_18;SG_14;SG_25;SG_5;SG_18
85|6|GASS|16|37.5000|SG_29;SG_38;SG_23;SG_7;SG_5;SG_42;SG_18;SG_29;SG_7;SG_5;SG_18
86|3|CG|8|37.5000|SG_38;SG_35;SG_17;SG_10;SG_30;SG_35;SG_2
87|3|EMCF|8|37.5000|SG_30;SG_45;SG_35;SG_37;SG_5;SG_45
88|3|ALGN|8|37.5000|SG_29;SG_11;SG_43;SG_42;SG_19;SG_25;SG_19
89|8|EXEL|21|38.1000|SG_30;SG_25;SG_50;SG_19;SG_46;SG_39;SG_30;SG_25;SG_50;SG_19;SG_46
90|5|LPLA|13|38.5000|SG_30;SG_25;SG_50;SG_18;SG_39;SG_41;SG_46;SG_39
91|5|BSRR|13|38.5000|SG_38;SG_41;SG_17;SG_50;SG_10;SG_45;SG_35;SG_4;SG_22;SG_50;SG_10
92|5|GRWG|13|38.5000|SG_4;SG_50;SG_42;SG_38;SG_4;SG_25;SG_50;SG_18
93|5|IGMS|13|38.5000|SG_35;SG_21;SG_50;SG_43;SG_46;SG_27;SG_21;SG_25;SG_43;SG_42
94|5|GRIL|13|38.5000|SG_28;SG_37;SG_42;SG_46;SG_9;SG_21;SG_22;SG_50;SG_42;SG_46;SG_9
95|7|BEAM|18|38.9000|SG_11;SG_3;SG_50;SG_43;SG_42;SG_46;SG_39;SG_29;SG_11;SG_21;SG_22;SG_43;SG_46
96|4|CYRN|10|40.0000|SG_28;SG_6;SG_14;SG_23;SG_42;SG_28;SG_21;SG_23;SG_42
97|8|GPRO|20|40.0000|SG_29;SG_45;SG_14;SG_4;SG_48;SG_22;SG_46;SG_47;SG_45;SG_14;SG_22;SG_17;SG_42;SG_46
98|4|ELTK|10|40.0000|SG_29;SG_14;SG_37;SG_33;SG_42;SG_18
99|2|INBK|5|40.0000|SG_41;SG_46;SG_41;SG_39
100|4|CSX|10|40.0000|SG_24;SG_50;SG_12;SG_30;SG_24;SG_12;SG_2
101|6|MOV|15|40.0000|SG_4;SG_41;SG_26;SG_46;SG_9;SG_47;SG_29;SG_25;SG_46;SG_39
102|6|FLDM|15|40.0000|SG_29;SG_11;SG_45;SG_21;SG_50;SG_43;SG_42;SG_39;SG_45;SG_23;SG_50;SG_43;SG_5
103|4|CBNK|10|40.0000|SG_22;SG_17;SG_50;SG_46;SG_30;SG_38;SG_41;SG_17;SG_50
104|6|CSII|15|40.0000|SG_29;SG_11;SG_35;SG_22;SG_42;SG_29;SG_45;SG_21;SG_22;SG_43
105|6|HBNC|15|40.0000|SG_30;SG_38;SG_45;SG_35;SG_41;SG_23;SG_46;SG_30;SG_38;SG_4;SG_46;SG_10
106|4|HBT|10|40.0000|SG_41;SG_22;SG_17;SG_30;SG_35;SG_4;SG_41;SG_22;SG_10
107|2|ATRI|5|40.0000|SG_29;SG_25;SG_50;SG_25;SG_19
108|4|OSUR|10|40.0000|SG_30;SG_35;SG_21;SG_4;SG_26;SG_50;SG_39;SG_30;SG_26
109|4|LGIH|10|40.0000|SG_29;SG_50;SG_42;SG_9;SG_39;SG_23;SG_3;SG_42
110|6|HTBK|15|40.0000|SG_30;SG_22;SG_50;SG_46;SG_10;SG_39;SG_45;SG_4;SG_22;SG_46;SG_18;SG_39
111|4|CTBI|10|40.0000|SG_30;SG_4;SG_17;SG_50;SG_46;SG_41;SG_17
112|4|LEVL|10|40.0000|SG_30;SG_38;SG_35;SG_4;SG_50;SG_38;SG_22;SG_17
113|4|BOMN|10|40.0000|SG_4;SG_22;SG_42;SG_39;SG_29;SG_14;SG_4;SG_39
114|7|GO|17|41.2000|SG_25;SG_50;SG_42;SG_9;SG_47;SG_30;SG_3;SG_42;SG_19;SG_39;SG_47
115|7|APOG|17|41.2000|SG_4;SG_22;SG_12;SG_46;SG_39;SG_45;SG_35;SG_21;SG_4;SG_12;SG_46;SG_47
116|7|ALOT|17|41.2000|SG_29;SG_38;SG_35;SG_14;SG_22;SG_5;SG_18;SG_29;SG_14;SG_50;SG_42
117|7|CERS|17|41.2000|SG_29;SG_21;SG_4;SG_50;SG_43;SG_39;SG_47;SG_29;SG_11;SG_35;SG_23;SG_50
118|7|BMRN|17|41.2000|SG_30;SG_25;SG_43;SG_39;SG_47;SG_2;SG_11;SG_48;SG_25;SG_43;SG_2
119|7|GNTY|17|41.2000|SG_30;SG_38;SG_45;SG_4;SG_41;SG_50;SG_46;SG_10;SG_18;SG_30;SG_41;SG_22;SG_46;SG_18
120|7|AGFS|17|41.2000|SG_30;SG_45;SG_23;SG_50;SG_5;SG_9;SG_30;SG_21;SG_23;SG_50;SG_5;SG_9;SG_39
121|7|FIZZ|17|41.2000|SG_38;SG_35;SG_3;SG_50;SG_42;SG_46;SG_9;SG_38;SG_25;SG_3;SG_46;SG_18
122|5|BUSE|12|41.7000|SG_30;SG_45;SG_41;SG_22;SG_45;SG_41
123|5|MBII|12|41.7000|SG_29;SG_45;SG_21;SG_7;SG_29;SG_35;SG_50;SG_7;SG_5;SG_42
124|5|ICAD|12|41.7000|SG_44;SG_11;SG_25;SG_43;SG_5;SG_42;SG_29;SG_38;SG_35;SG_21;SG_47
125|5|BILI|12|41.7000|SG_21;SG_22;SG_32;SG_38;SG_14;SG_21;SG_22;SG_42;SG_2
126|5|EBIX|12|41.7000|SG_35;SG_14;SG_4;SG_23;SG_39;SG_14;SG_18;SG_39
127|5|LRCX|12|41.7000|SG_29;SG_14;SG_23;SG_46;SG_29;SG_14;SG_46;SG_18
128|5|FUV|12|41.7000|SG_22;SG_5;SG_42;SG_9;SG_38;SG_21;SG_5
129|5|FFBC|12|41.7000|SG_35;SG_22;SG_50;SG_18;SG_39;SG_30;SG_35;SG_3;SG_22;SG_18
130|5|FANH|12|41.7000|SG_4;SG_41;SG_38;SG_4;SG_25;SG_17;SG_32
131|8|ADAP|19|42.1000|SG_11;SG_4;SG_25;SG_43;SG_42;SG_47;SG_29;SG_11;SG_21;SG_4;SG_48;SG_50;SG_43;SG_42;SG_39;SG_47
132|6|STKS|14|42.9000|SG_38;SG_26;SG_22;SG_18;SG_9;SG_38;SG_35;SG_4;SG_22;SG_18;SG_9
133|3|CVGW|7|42.9000|SG_30;SG_4;SG_41;SG_50;SG_39
134|3|CRSR|7|42.9000|SG_45;SG_35;SG_22;SG_29;SG_50;SG_42;SG_39
135|3|AMEH|7|42.9000|SG_22;SG_43;SG_42;SG_38;SG_22;SG_43
136|3|CNFR|7|42.9000|SG_30;SG_35;SG_46;SG_35;SG_17;SG_42
137|3|HLG|7|42.9000|SG_27;SG_37;SG_22;SG_5;SG_42;SG_45
138|3|HGSH|7|42.9000|SG_25;SG_5;SG_25;SG_17;SG_32;SG_42
139|6|APEI|14|42.9000|SG_4;SG_22;SG_46;SG_18;SG_9;SG_39;SG_30;SG_4;SG_47
140|6|CBFV|14|42.9000|SG_44;SG_38;SG_25;SG_50;SG_5;SG_10;SG_30;SG_38;SG_25;SG_50;SG_5
141|6|AXGN|14|42.9000|SG_29;SG_11;SG_35;SG_50;SG_42;SG_29;SG_45;SG_21;SG_4;SG_39
142|3|EXPI|7|42.9000|SG_41;SG_22;SG_38;SG_35;SG_46;SG_47
143|3|FCEL|7|42.9000|SG_21;SG_50;SG_22;SG_42;SG_46
144|6|CONN|14|42.9000|SG_4;SG_17;SG_50;SG_9;SG_47;SG_30;SG_38;SG_23;SG_17;SG_42;SG_46;SG_9;SG_47
145|3|FSFG|7|42.9000|SG_30;SG_38;SG_22;SG_50;SG_30;SG_17;SG_5
146|3|FFHL|7|42.9000|SG_29;SG_22;SG_17;SG_42;SG_29
147|6|MDRX|14|42.9000|SG_35;SG_25;SG_40;SG_50;SG_43;SG_45;SG_35;SG_21;SG_25;SG_50;SG_43
148|7|FONR|16|43.8000|SG_38;SG_22;SG_42;SG_30;SG_38;SG_11;SG_22;SG_17;SG_50;SG_5;SG_42
149|7|CASI|16|43.8000|SG_29;SG_21;SG_22;SG_43;SG_5;SG_38;SG_11;SG_5
150|7|KVHI|16|43.8000|SG_30;SG_38;SG_14;SG_21;SG_25;SG_5;SG_38;SG_14;SG_25;SG_42;SG_46
151|7|DCT|16|43.8000|SG_45;SG_25;SG_3;SG_42;SG_46;SG_29;SG_21;SG_25;SG_50;SG_39;SG_47
152|7|JAMF|16|43.8000|SG_29;SG_21;SG_22;SG_42;SG_39;SG_35;SG_14;SG_21;SG_50;SG_39;SG_47
153|7|ADPT|16|43.8000|SG_35;SG_21;SG_3;SG_42;SG_39;SG_47;SG_25;SG_3;SG_43;SG_39;SG_47
154|8|AVT|18|44.4000|SG_45;SG_14;SG_3;SG_22;SG_46;SG_18;SG_45;SG_14;SG_41;SG_22;SG_50;SG_46;SG_39
155|8|LUNA|18|44.4000|SG_29;SG_14;SG_21;SG_22;SG_50;SG_5;SG_44;SG_29;SG_35;SG_14;SG_21;SG_50;SG_5;SG_42
156|4|CSIQ|9|44.4000|SG_29;SG_38;SG_14;SG_4;SG_25;SG_38;SG_14
157|4|ADI|9|44.4000|SG_30;SG_14;SG_50;SG_39;SG_22;SG_50;SG_19;SG_39;SG_2
158|8|CZWI|18|44.4000|SG_30;SG_38;SG_45;SG_41;SG_22;SG_30;SG_45;SG_41;SG_22;SG_17;SG_5;SG_46;SG_10
159|4|AEY|9|44.4000|SG_28;SG_14;SG_37;SG_22;SG_42;SG_45;SG_22;SG_50;SG_42
160|4|AUTL|9|44.4000|SG_28;SG_38;SG_11;SG_25;SG_28;SG_21;SG_43;SG_5
161|4|GLPI|9|44.4000|SG_30;SG_41;SG_50;SG_45;SG_41;SG_2
162|8|CRUS|18|44.4000|SG_30;SG_35;SG_14;SG_50;SG_42;SG_39;SG_30;SG_25;SG_3;SG_50;SG_42;SG_18;SG_39
163|4|ACGL|9|44.4000|SG_35;SG_40;SG_46;SG_30;SG_51;SG_40;SG_22;SG_46
164|8|CARG|18|44.4000|SG_14;SG_25;SG_50;SG_19;SG_47;SG_29;SG_14;SG_40;SG_3;SG_50;SG_42;SG_46;SG_47
165|9|LLNW|20|45.0000|SG_30;SG_45;SG_14;SG_4;SG_23;SG_50;SG_30;SG_14;SG_21;SG_4;SG_23;SG_50
166|5|FWONA|11|45.5000|SG_30;SG_14;SG_21;SG_50;SG_39;SG_14;SG_23;SG_50;SG_42;SG_2
167|5|CVET|11|45.5000|SG_21;SG_3;SG_43;SG_42;SG_46;SG_21;SG_3;SG_50;SG_42;SG_46
168|5|EOLS|11|45.5000|SG_45;SG_4;SG_22;SG_30;SG_38;SG_21;SG_4;SG_43;SG_42
169|5|AMAL|11|45.5000|SG_30;SG_38;SG_25;SG_18;SG_30;SG_38;SG_4;SG_50;SG_46
170|5|ATRC|11|45.5000|SG_35;SG_22;SG_42;SG_46;SG_3;SG_22;SG_43;SG_46;SG_47
171|5|HMTV|11|45.5000|SG_28;SG_14;SG_23;SG_50;SG_18;SG_14;SG_5;SG_42
172|5|GMDA|11|45.5000|SG_30;SG_11;SG_21;SG_33;SG_43;SG_38;SG_45;SG_21
173|5|CERE|11|45.5000|SG_11;SG_35;SG_3;SG_43;SG_29;SG_25;SG_3;SG_46;SG_39
174|5|ADBE|11|45.5000|SG_20;SG_35;SG_25;SG_46;SG_39;SG_20;SG_14;SG_47
175|5|AMSC|11|45.5000|SG_21;SG_25;SG_50;SG_5;SG_42;SG_39;SG_28;SG_12;SG_39
176|5|BOTJ|11|45.5000|SG_38;SG_45;SG_35;SG_22;SG_5;SG_30;SG_38;SG_22;SG_17
177|5|IPAR|11|45.5000|SG_38;SG_45;SG_41;SG_19;SG_9;SG_30;SG_38;SG_35;SG_3;SG_19
178|5|BRKR|11|45.5000|SG_11;SG_45;SG_46;SG_35;SG_23;SG_3;SG_46;SG_39
179|5|LTRX|11|45.5000|SG_14;SG_50;SG_42;SG_35;SG_21;SG_5;SG_42
180|5|CLDX|11|45.5000|SG_29;SG_21;SG_4;SG_43;SG_42;SG_11;SG_4;SG_25;SG_46
181|5|FBIZ|11|45.5000|SG_45;SG_41;SG_17;SG_5;SG_46;SG_39;SG_30;SG_22;SG_46;SG_39
182|5|HOFT|11|45.5000|SG_41;SG_25;SG_50;SG_5;SG_18;SG_9;SG_35;SG_25;SG_50;SG_39
183|5|ACLS|11|45.5000|SG_29;SG_14;SG_3;SG_22;SG_42;SG_46;SG_35;SG_3;SG_22
184|6|GRBK|13|46.2000|SG_29;SG_22;SG_17;SG_39;SG_29;SG_4;SG_22;SG_17;SG_50;SG_42;SG_9
185|6|COLL|13|46.2000|SG_30;SG_35;SG_4;SG_50;SG_43;SG_30;SG_4;SG_50
186|6|GLDD|13|46.2000|SG_30;SG_4;SG_12;SG_42;SG_46;SG_39;SG_30;SG_4;SG_50;SG_12;SG_46;SG_18
187|6|APYX|13|46.2000|SG_29;SG_38;SG_21;SG_43;SG_42;SG_21;SG_4;SG_25;SG_42
188|6|IVAC|13|46.2000|SG_30;SG_50;SG_12;SG_5;SG_39;SG_30;SG_45;SG_25;SG_5;SG_42
189|6|ALGT|13|46.2000|SG_30;SG_12;SG_42;SG_39;SG_30;SG_3;SG_50;SG_42;SG_46;SG_18;SG_39
190|6|BNGO|13|46.2000|SG_38;SG_21;SG_4;SG_25;SG_50;SG_28;SG_38;SG_21;SG_4;SG_25
191|6|FISV|13|46.2000|SG_23;SG_2;SG_20;SG_14;SG_23;SG_50;SG_39;SG_47;SG_2
192|6|AXTI|13|46.2000|SG_35;SG_14;SG_22;SG_38;SG_35;SG_14;SG_4;SG_22;SG_18
193|6|GENC|13|46.2000|SG_30;SG_5;SG_18;SG_38;SG_35;SG_25;SG_12;SG_5
194|6|HLIO|13|46.2000|SG_45;SG_23;SG_3;SG_50;SG_46;SG_29;SG_35;SG_41;SG_12;SG_46;SG_39
195|6|HAIN|13|46.2000|SG_45;SG_35;SG_22;SG_42;SG_9;SG_30;SG_45;SG_3;SG_50;SG_19;SG_46
196|6|FMNB|13|46.2000|SG_44;SG_35;SG_4;SG_38;SG_4;SG_22;SG_17;SG_50;SG_46;SG_10
197|6|LSTR|13|46.2000|SG_41;SG_22;SG_12;SG_18;SG_39;SG_41;SG_3;SG_22;SG_50;SG_18
198|7|MANT|15|46.7000|SG_30;SG_44;SG_25;SG_3;SG_50;SG_18;SG_30;SG_14;SG_41;SG_50;SG_18
199|7|DOYU|15|46.7000|SG_29;SG_21;SG_4;SG_25;SG_29;SG_45;SG_14;SG_4;SG_32;SG_42
200|7|JRSH|15|46.7000|SG_30;SG_41;SG_37;SG_17;SG_50;SG_46;SG_9;SG_35;SG_41;SG_37;SG_25;SG_5;SG_9
201|7|ACIW|15|46.7000|SG_35;SG_14;SG_23;SG_50;SG_30;SG_14;SG_3;SG_50;SG_19
202|7|GRVY|15|46.7000|SG_29;SG_14;SG_4;SG_37;SG_17;SG_42;SG_29;SG_35;SG_14;SG_4;SG_37;SG_42
203|7|GBIO|15|46.7000|SG_11;SG_27;SG_25;SG_39;SG_11;SG_21;SG_4;SG_25;SG_42;SG_39
204|7|ICFI|15|46.7000|SG_30;SG_4;SG_22;SG_50;SG_46;SG_30;SG_4;SG_18
205|7|ANDE|15|46.7000|SG_30;SG_4;SG_23;SG_50;SG_46;SG_47;SG_30;SG_23;SG_50;SG_18;SG_47
206|7|ICHR|15|46.7000|SG_45;SG_4;SG_50;SG_47;SG_35;SG_14;SG_49;SG_50;SG_46;SG_39
207|7|ANSS|15|46.7000|SG_20;SG_14;SG_25;SG_39;SG_47;SG_45;SG_35;SG_25;SG_42;SG_39;SG_2
208|7|MMYT|15|46.7000|SG_29;SG_45;SG_9;SG_29;SG_45;SG_35;SG_22;SG_42;SG_39
209|7|JD|15|46.7000|SG_38;SG_22;SG_32;SG_18;SG_2;SG_38;SG_22;SG_42;SG_18;SG_9
210|7|GH|15|46.7000|SG_28;SG_11;SG_35;SG_24;SG_50;SG_43;SG_46;SG_39;SG_47;SG_46;SG_39;SG_47
211|7|AUBN|15|46.7000|SG_30;SG_46;SG_10;SG_18;SG_30;SG_41;SG_50;SG_5;SG_46;SG_18
212|7|ANGO|15|46.7000|SG_4;SG_22;SG_50;SG_43;SG_39;SG_47;SG_35;SG_50;SG_43;SG_47
213|7|CRSP|15|46.7000|SG_29;SG_25;SG_50;SG_43;SG_29;SG_25;SG_3;SG_42;SG_18
214|8|EXPO|17|47.1000|SG_45;SG_3;SG_50;SG_19;SG_46;SG_45;SG_41;SG_25;SG_50;SG_12;SG_39
215|8|FGBI|17|47.1000|SG_41;SG_37;SG_22;SG_50;SG_5;SG_30;SG_35;SG_41;SG_37;SG_22;SG_17;SG_50;SG_5;SG_46
216|8|EXC|17|47.1000|SG_30;SG_35;SG_50;SG_39;SG_2;SG_30;SG_35;SG_24;SG_50;SG_7;SG_19;SG_39;SG_2
217|8|AMD|17|47.1000|SG_22;SG_50;SG_47;SG_2;SG_29;SG_35;SG_14;SG_50;SG_19;SG_46;SG_39
218|8|IOSP|17|47.1000|SG_30;SG_35;SG_41;SG_25;SG_3;SG_50;SG_7;SG_18;SG_30;SG_41;SG_25;SG_7;SG_18;SG_39
219|9|SIFY|19|47.4000|SG_29;SG_14;SG_42;SG_18;SG_35;SG_14;SG_4;SG_37;SG_23;SG_42;SG_18
220|9|DGICA|19|47.4000|SG_30;SG_41;SG_22;SG_50;SG_46;SG_39;SG_30;SG_35;SG_22;SG_50;SG_18
221|9|FB|19|47.4000|SG_30;SG_14;SG_25;SG_46;SG_39;SG_47;SG_30;SG_35;SG_14;SG_48;SG_25;SG_50;SG_18;SG_39
222|9|JOBS|19|47.4000|SG_30;SG_38;SG_25;SG_3;SG_12;SG_42;SG_19;SG_30;SG_44;SG_45;SG_25;SG_42;SG_19
223|9|INO|19|47.4000|SG_28;SG_11;SG_48;SG_22;SG_50;SG_46;SG_28;SG_38;SG_11;SG_35;SG_21;SG_4;SG_22;SG_50;SG_42
224|5|GSIT|10|50.0000|SG_38;SG_35;SG_21;SG_25;SG_5;SG_46;SG_46
225|5|LAKE|10|50.0000|SG_5;SG_42;SG_9;SG_39;SG_30;SG_25;SG_5;SG_39
226|2|DADA|4|50.0000|SG_22;SG_42;SG_9
227|2|LSBK|4|50.0000|SG_18;SG_41;SG_5;SG_18
228|2|HAPP|4|50.0000|SG_21;SG_22;SG_42;SG_45
229|5|CATY|10|50.0000|SG_30;SG_35;SG_3;SG_10;SG_18;SG_3;SG_22;SG_10
230|8|EXAS|16|50.0000|SG_29;SG_11;SG_45;SG_21;SG_50;SG_43;SG_42;SG_39;SG_29;SG_11;SG_45;SG_50;SG_42
231|5|IRWD|10|50.0000|SG_4;SG_17;SG_43;SG_42;SG_46;SG_35;SG_23
232|3|ESCA|6|50.0000|SG_29;SG_5;SG_9;SG_29;SG_22;SG_9
233|2|HTLF|4|50.0000|SG_35;SG_50
234|5|ANIP|10|50.0000|SG_29;SG_11;SG_21;SG_50;SG_42;SG_29;SG_21;SG_50;SG_43
235|5|KRNY|10|50.0000|SG_30;SG_35;SG_4;SG_41;SG_18;SG_35;SG_41;SG_22;SG_10;SG_18
236|6|INFN|12|50.0000|SG_14;SG_39;SG_14;SG_21;SG_50;SG_42;SG_39
237|2|COKE|4|50.0000|SG_38;SG_35;SG_41;SG_9
238|7|BANF|14|50.0000|SG_30;SG_38;SG_3;SG_22;SG_10;SG_30;SG_38;SG_41;SG_22
239|7|IMBI|14|50.0000|SG_29;SG_24;SG_50;SG_5;SG_42;SG_9;SG_29;SG_50;SG_5;SG_42;SG_46
240|7|ACIU|14|50.0000|SG_29;SG_11;SG_22;SG_43;SG_38;SG_11;SG_21;SG_4;SG_42
241|5|ESLT|10|50.0000|SG_41;SG_3;SG_18;SG_30;SG_44;SG_45;SG_3;SG_18
242|7|AKAM|14|50.0000|SG_30;SG_35;SG_42;SG_30;SG_14;SG_48;SG_22;SG_42;SG_47
243|3|CALM|6|50.0000|SG_35;SG_21;SG_25;SG_50
244|4|CBAT|8|50.0000|SG_37;SG_22;SG_17;SG_17;SG_32;SG_12;SG_5
245|6|CCRN|12|50.0000|SG_35;SG_22;SG_50;SG_42;SG_18;SG_29;SG_22;SG_12;SG_39
246|11|HCAT|22|50.0000|SG_11;SG_45;SG_35;SG_4;SG_40;SG_22;SG_43;SG_42;SG_46;SG_45;SG_4;SG_22;SG_43;SG_42;SG_46
247|4|LEGH|8|50.0000|SG_30;SG_35;SG_4;SG_30;SG_4;SG_18
248|5|JRVR|10|50.0000|SG_21;SG_4;SG_41;SG_51;SG_22;SG_30;SG_21;SG_4
249|6|BPMC|12|50.0000|SG_29;SG_11;SG_42;SG_29;SG_11;SG_45;SG_21;SG_25;SG_42;SG_46
250|6|FLXS|12|50.0000|SG_29;SG_35;SG_41;SG_46;SG_47;SG_29;SG_25;SG_17;SG_5
251|5|AROW|10|50.0000|SG_38;SG_35;SG_46;SG_18;SG_30;SG_4;SG_50;SG_46;SG_18
252|7|HHR|14|50.0000|SG_29;SG_45;SG_24;SG_3;SG_44;SG_24;SG_3;SG_12;SG_39
253|5|CMCO|10|50.0000|SG_30;SG_23;SG_50;SG_19;SG_46;SG_4;SG_41;SG_46
254|6|LMAT|12|50.0000|SG_45;SG_25;SG_19;SG_46;SG_29;SG_45;SG_19
255|8|BCBP|16|50.0000|SG_30;SG_38;SG_41;SG_22;SG_5;SG_10;SG_30;SG_38;SG_17;SG_50;SG_46;SG_10
256|6|ERIC|12|50.0000|SG_30;SG_14;SG_22;SG_2;SG_30;SG_14;SG_41;SG_50;SG_18
257|6|BCPC|12|50.0000|SG_41;SG_3;SG_22;SG_50;SG_7;SG_30;SG_3;SG_22;SG_7
258|5|CLRO|10|50.0000|SG_29;SG_29;SG_14;SG_21;SG_37;SG_42;SG_47
259|12|CSTL|24|50.0000|SG_29;SG_35;SG_21;SG_4;SG_50;SG_43;SG_42;SG_46;SG_11;SG_4;SG_25;SG_49;SG_42;SG_47
260|8|LI|16|50.0000|SG_38;SG_45;SG_21;SG_25;SG_42;SG_2;SG_29;SG_45;SG_51;SG_25;SG_32;SG_2
261|5|CMCSA|10|50.0000|SG_45;SG_35;SG_14;SG_50;SG_45;SG_14;SG_41;SG_39
262|6|CHEF|12|50.0000|SG_30;SG_35;SG_4;SG_42;SG_39;SG_30;SG_4;SG_42;SG_39
263|10|CYRX|20|50.0000|SG_28;SG_4;SG_22;SG_50;SG_12;SG_42;SG_39;SG_28;SG_35;SG_21;SG_4;SG_22;SG_50;SG_42;SG_39
264|9|LCUT|18|50.0000|SG_45;SG_41;SG_46;SG_30;SG_38;SG_45;SG_4;SG_41;SG_17;SG_50;SG_46;SG_9
265|4|FMAO|8|50.0000|SG_37;SG_22;SG_50;SG_30;SG_41;SG_22
266|9|AMOT|18|50.0000|SG_30;SG_14;SG_4;SG_18;SG_14;SG_4;SG_41;SG_23;SG_18
267|8|DDOG|16|50.0000|SG_29;SG_14;SG_21;SG_48;SG_23;SG_35;SG_14;SG_21;SG_47;SG_2
268|4|GFED|8|50.0000|SG_30;SG_41;SG_18;SG_30;SG_22;SG_10
269|9|INCY|18|50.0000|SG_30;SG_11;SG_50;SG_43;SG_19;SG_30;SG_11;SG_50;SG_42;SG_19;SG_46;SG_2
270|6|GSM|12|50.0000|SG_21;SG_4;SG_26;SG_42;SG_21;SG_4;SG_26;SG_25
271|5|ESGR|10|50.0000|SG_3;SG_22;SG_17;SG_30;SG_35;SG_3;SG_17;SG_42;SG_39
272|6|CIVB|12|50.0000|SG_38;SG_22;SG_30;SG_38;SG_4;SG_41;SG_22;SG_50
273|4|FGEN|8|50.0000|SG_35;SG_22;SG_50;SG_45;SG_4
274|7|CHCO|14|50.0000|SG_41;SG_48;SG_25;SG_50;SG_10;SG_30;SG_50;SG_46;SG_18
275|7|ESBK|14|50.0000|SG_30;SG_37;SG_22;SG_50;SG_5;SG_18;SG_30;SG_37;SG_10
276|7|BLDR|14|50.0000|SG_35;SG_40;SG_17;SG_50;SG_12;SG_46;SG_29;SG_35;SG_12;SG_46;SG_2
277|6|GDRX|12|50.0000|SG_21;SG_23;SG_3;SG_50;SG_42;SG_46;SG_47;SG_50;SG_46;SG_47
278|9|ARWR|18|50.0000|SG_29;SG_21;SG_3;SG_43;SG_46;SG_39;SG_29;SG_11;SG_35;SG_21;SG_25;SG_3;SG_42;SG_39
279|4|ADMA|8|50.0000|SG_30;SG_38;SG_23;SG_43;SG_42;SG_23
280|7|ERIE|14|50.0000|SG_29;SG_38;SG_45;SG_41;SG_22;SG_50;SG_19;SG_10;SG_45;SG_35;SG_41;SG_22;SG_50;SG_19
281|4|HUIZ|8|50.0000|SG_45;SG_37;SG_32;SG_42;SG_23;SG_10
282|5|CSCO|10|50.0000|SG_35;SG_41;SG_22;SG_18;SG_22;SG_50;SG_39
283|7|EH|14|50.0000|SG_28;SG_38;SG_21;SG_42;SG_28;SG_38;SG_21;SG_4;SG_22;SG_12
284|7|EQBK|14|50.0000|SG_4;SG_41;SG_46;SG_10;SG_35;SG_17;SG_50;SG_46;SG_10
285|7|CDXC|14|50.0000|SG_28;SG_35;SG_21;SG_43;SG_5;SG_42;SG_28;SG_38;SG_45
286|7|CRWS|14|50.0000|SG_30;SG_38;SG_17;SG_30;SG_38;SG_45;SG_41;SG_50;SG_5;SG_9
287|9|AMWD|18|50.0000|SG_30;SG_23;SG_42;SG_19;SG_46;SG_9;SG_39;SG_30;SG_4;SG_23;SG_42;SG_46;SG_39
288|8|FMBH|16|50.0000|SG_30;SG_38;SG_41;SG_22;SG_50;SG_30;SG_38;SG_35;SG_4;SG_22;SG_46;SG_18
289|6|IMAC|12|50.0000|SG_45;SG_50;SG_43;SG_42;SG_30;SG_6;SG_21;SG_22;SG_50
290|6|IZEA|12|50.0000|SG_14;SG_5;SG_28;SG_14;SG_21;SG_37;SG_25;SG_50;SG_5
291|5|HALL|10|50.0000|SG_30;SG_38;SG_23;SG_50;SG_5;SG_42;SG_18;SG_30;SG_38
292|8|HOMB|16|50.0000|SG_35;SG_41;SG_48;SG_50;SG_39;SG_47;SG_30;SG_45;SG_41;SG_3;SG_49;SG_18
293|4|INSM|8|50.0000|SG_29;SG_50;SG_43;SG_40;SG_50;SG_46;SG_47
294|3|BLCT|6|50.0000|SG_28;SG_42;SG_14;SG_37;SG_25;SG_32
295|6|CYBR|12|50.0000|SG_29;SG_14;SG_23;SG_42;SG_29;SG_21;SG_23;SG_3;SG_42;SG_39
296|10|MIRM|20|50.0000|SG_11;SG_45;SG_25;SG_43;SG_21;SG_4;SG_50;SG_43;SG_42;SG_46;SG_39
297|1|BNTX|2|50.0000|SG_11;SG_42
298|3|MDB|6|50.0000|SG_29;SG_14;SG_25;SG_46;SG_29;SG_42
299|5|ACHC|10|50.0000|SG_30;SG_23;SG_50;SG_43;SG_23;SG_40;SG_50
300|5|ALLO|10|50.0000|SG_28;SG_21;SG_25;SG_39;SG_47;SG_28;SG_42;SG_46
301|5|ADV|10|50.0000|SG_29;SG_38;SG_14;SG_3;SG_38;SG_14;SG_3
302|7|KRUS|14|50.0000|SG_28;SG_38;SG_4;SG_9;SG_38;SG_21;SG_4;SG_50;SG_9
303|3|BGNE|6|50.0000|SG_38;SG_22;SG_2;SG_44;SG_2
304|12|DIOD|23|52.2000|SG_29;SG_14;SG_50;SG_18;SG_47;SG_29;SG_14;SG_3;SG_22;SG_50;SG_46;SG_18;SG_39;SG_47
305|11|CLFD|21|52.4000|SG_38;SG_14;SG_4;SG_25;SG_19;SG_29;SG_38;SG_14;SG_4;SG_25;SG_50
306|10|CDNA|19|52.6000|SG_30;SG_11;SG_25;SG_40;SG_3;SG_50;SG_42;SG_46;SG_11;SG_25;SG_40;SG_43;SG_42
307|10|FATE|19|52.6000|SG_28;SG_45;SG_21;SG_25;SG_40;SG_3;SG_43;SG_46;SG_45;SG_25;SG_3;SG_50;SG_47
308|10|HCM|19|52.6000|SG_29;SG_51;SG_22;SG_43;SG_29;SG_38;SG_21;SG_3;SG_22;SG_43;SG_42
309|10|LASR|19|52.6000|SG_29;SG_14;SG_21;SG_4;SG_50;SG_42;SG_46;SG_39;SG_47;SG_14;SG_4;SG_42;SG_46;SG_39
310|10|FFIV|19|52.6000|SG_30;SG_45;SG_35;SG_14;SG_19;SG_46;SG_39;SG_30;SG_45;SG_22;SG_50;SG_46;SG_39
311|9|KYMR|17|52.9000|SG_35;SG_21;SG_3;SG_50;SG_46;SG_39;SG_47;SG_28;SG_22;SG_50;SG_43;SG_46;SG_47
312|9|MEDP|17|52.9000|SG_29;SG_3;SG_43;SG_42;SG_19;SG_39;SG_47;SG_29;SG_25;SG_3;SG_42;SG_46
313|9|ALNY|17|52.9000|SG_29;SG_11;SG_23;SG_50;SG_46;SG_21;SG_23;SG_50;SG_43;SG_42
314|9|BMRC|17|52.9000|SG_45;SG_4;SG_41;SG_25;SG_18;SG_30;SG_38;SG_45;SG_35;SG_4;SG_41;SG_50;SG_10;SG_47
315|9|JKHY|17|52.9000|SG_30;SG_14;SG_22;SG_50;SG_19;SG_39;SG_2;SG_30;SG_35;SG_14;SG_41;SG_19;SG_39;SG_2
316|9|HELE|17|52.9000|SG_30;SG_3;SG_18;SG_9;SG_30;SG_40;SG_22;SG_50;SG_42;SG_18
317|9|JAZZ|17|52.9000|SG_30;SG_3;SG_43;SG_39;SG_47;SG_30;SG_11;SG_21;SG_51;SG_3;SG_42;SG_46
318|9|BBSI|17|52.9000|SG_30;SG_41;SG_22;SG_50;SG_46;SG_18;SG_4;SG_41;SG_22;SG_12
319|9|AOSL|17|52.9000|SG_29;SG_38;SG_4;SG_22;SG_42;SG_46;SG_29;SG_38;SG_46
320|9|ADMP|17|52.9000|SG_29;SG_45;SG_21;SG_50;SG_5;SG_42;SG_46;SG_29;SG_11;SG_45;SG_37;SG_50;SG_42
321|9|AGIO|17|52.9000|SG_29;SG_11;SG_4;SG_25;SG_29;SG_35;SG_25;SG_40;SG_43
322|8|AIRG|15|53.3000|SG_30;SG_14;SG_21;SG_25;SG_50;SG_46;SG_30;SG_14;SG_25;SG_5
323|8|AUPH|15|53.3000|SG_35;SG_25;SG_3;SG_43;SG_42;SG_46;SG_11;SG_35;SG_25;SG_43
324|8|HIMX|15|53.3000|SG_29;SG_38;SG_41;SG_22;SG_17;SG_29;SG_38;SG_35;SG_14;SG_4;SG_41;SG_22
325|8|HRTX|15|53.3000|SG_29;SG_4;SG_24;SG_46;SG_29;SG_21;SG_4;SG_50;SG_43;SG_42
326|8|CVCO|15|53.3000|SG_3;SG_22;SG_42;SG_46;SG_18;SG_9;SG_35;SG_42;SG_46;SG_18
327|8|JOUT|15|53.3000|SG_29;SG_45;SG_4;SG_41;SG_18;SG_29;SG_4;SG_41;SG_25;SG_18
328|8|AMTB|15|53.3000|SG_30;SG_45;SG_22;SG_50;SG_46;SG_38;SG_35;SG_4;SG_41;SG_22;SG_50;SG_46;SG_18
329|8|IART|15|53.3000|SG_3;SG_50;SG_46;SG_39;SG_30;SG_11;SG_23;SG_50;SG_42
330|8|BFST|15|53.3000|SG_38;SG_41;SG_50;SG_46;SG_30;SG_45;SG_4;SG_50;SG_46;SG_18
331|8|HAYN|15|53.3000|SG_44;SG_41;SG_25;SG_50;SG_39;SG_45;SG_35;SG_41;SG_25;SG_50
332|8|HAFC|15|53.3000|SG_30;SG_44;SG_4;SG_50;SG_30;SG_45;SG_4;SG_22;SG_50;SG_18
333|7|INMD|13|53.8000|SG_25;SG_3;SG_25;SG_3;SG_43;SG_42;SG_18
334|7|CSGS|13|53.8000|SG_30;SG_41;SG_50;SG_18;SG_39;SG_35;SG_14;SG_50;SG_18
335|7|IRDM|13|53.8000|SG_30;SG_45;SG_21;SG_39;SG_14;SG_21;SG_24;SG_42
336|7|EQOS|13|53.8000|SG_5;SG_42;SG_10;SG_35;SG_21;SG_37;SG_22
337|7|INGN|13|53.8000|SG_20;SG_4;SG_50;SG_43;SG_42;SG_39;SG_35;SG_4;SG_50;SG_43;SG_39
338|7|HFWA|13|53.8000|SG_30;SG_4;SG_39;SG_30;SG_4;SG_22;SG_50;SG_10;SG_39
339|7|ALLT|13|53.8000|SG_14;SG_21;SG_33;SG_29;SG_14;SG_21;SG_4;SG_25;SG_39
340|7|DLHC|13|53.8000|SG_29;SG_35;SG_23;SG_5;SG_42;SG_18;SG_29;SG_18;SG_39
341|7|MBIN|13|53.8000|SG_30;SG_35;SG_41;SG_50;SG_38;SG_35;SG_4;SG_22;SG_17
342|7|GMAB|13|53.8000|SG_29;SG_11;SG_22;SG_42;SG_19;SG_2;SG_29;SG_11;SG_51;SG_42;SG_19
343|7|DXPE|13|53.8000|SG_30;SG_45;SG_4;SG_19;SG_30;SG_45;SG_4;SG_50;SG_19
344|7|CAMT|13|53.8000|SG_38;SG_14;SG_25;SG_18;SG_29;SG_38;SG_14;SG_4;SG_25;SG_42
345|7|GCBC|13|53.8000|SG_30;SG_37;SG_26;SG_22;SG_50;SG_10;SG_30;SG_41;SG_22;SG_46;SG_10;SG_18
346|7|COHR|13|53.8000|SG_30;SG_35;SG_14;SG_21;SG_23;SG_39;SG_30;SG_14;SG_23;SG_42;SG_39
347|7|ASND|13|53.8000|SG_29;SG_11;SG_21;SG_43;SG_29;SG_11;SG_21;SG_3;SG_22;SG_42
348|7|ARNA|13|53.8000|SG_30;SG_11;SG_35;SG_3;SG_39;SG_30;SG_22;SG_43
349|14|ANGI|26|53.8000|SG_29;SG_14;SG_21;SG_48;SG_25;SG_3;SG_50;SG_42;SG_39;SG_47;SG_29;SG_14;SG_21;SG_48;SG_3;SG_46;SG_39
350|7|HURN|13|53.8000|SG_4;SG_22;SG_42;SG_19;SG_46;SG_4;SG_42;SG_19;SG_46
351|7|ARGX|13|53.8000|SG_29;SG_11;SG_25;SG_43;SG_42;SG_29;SG_11;SG_21;SG_2
352|7|ARCE|13|53.8000|SG_30;SG_44;SG_45;SG_9;SG_30;SG_44;SG_45;SG_35;SG_51;SG_40
353|12|CCBG|22|54.5000|SG_30;SG_38;SG_45;SG_35;SG_4;SG_41;SG_22;SG_46;SG_47;SG_30;SG_45;SG_35;SG_41;SG_22;SG_10;SG_47
354|6|FORM|11|54.5000|SG_14;SG_50;SG_46;SG_3;SG_22;SG_50;SG_39
355|6|AVRO|11|54.5000|SG_11;SG_45;SG_21;SG_25;SG_5;SG_45;SG_35;SG_21;SG_43
356|6|AFMD|11|54.5000|SG_21;SG_51;SG_22;SG_42;SG_39;SG_4;SG_43;SG_42
357|6|AHCO|11|54.5000|SG_29;SG_45;SG_23;SG_3;SG_29;SG_11;SG_23;SG_50;SG_42;SG_46
358|6|CTSO|11|54.5000|SG_35;SG_25;SG_43;SG_46;SG_28;SG_45;SG_21;SG_5;SG_46
359|6|FOXA|11|54.5000|SG_30;SG_23;SG_39;SG_14;SG_23;SG_50;SG_18
360|6|ALTR|11|54.5000|SG_29;SG_35;SG_21;SG_22;SG_46;SG_3;SG_42;SG_46;SG_39
361|6|FRBA|11|54.5000|SG_30;SG_35;SG_5;SG_30;SG_41;SG_10
362|6|HSII|11|54.5000|SG_30;SG_4;SG_18;SG_39;SG_30;SG_4;SG_50;SG_18;SG_39
363|6|JAKK|11|54.5000|SG_29;SG_50;SG_9;SG_38;SG_5;SG_9;SG_47
364|6|CIGI|11|54.5000|SG_35;SG_21;SG_3;SG_30;SG_35;SG_21;SG_24;SG_39
365|6|EYPT|11|54.5000|SG_28;SG_11;SG_22;SG_5;SG_39;SG_50;SG_5
366|6|FARO|11|54.5000|SG_29;SG_45;SG_4;SG_40;SG_50;SG_40;SG_50;SG_19
367|6|CBSH|11|54.5000|SG_46;SG_39;SG_30;SG_3;SG_46;SG_10;SG_39;SG_47
368|6|CHKP|11|54.5000|SG_14;SG_33;SG_42;SG_39;SG_30;SG_25;SG_42;SG_2
369|6|HZNP|11|54.5000|SG_30;SG_43;SG_46;SG_19;SG_46;SG_2
370|6|CNTG|11|54.5000|SG_44;SG_28;SG_38;SG_11;SG_21;SG_28;SG_38;SG_21;SG_23;SG_43
371|6|DSWL|11|54.5000|SG_14;SG_37;SG_25;SG_17;SG_32;SG_5;SG_14;SG_37;SG_32;SG_5
372|6|HST|11|54.5000|SG_30;SG_21;SG_23;SG_42;SG_30;SG_40;SG_50
373|6|KALA|11|54.5000|SG_35;SG_21;SG_50;SG_5;SG_42;SG_46;SG_38;SG_11;SG_21;SG_42
374|11|APPN|20|55.0000|SG_29;SG_35;SG_14;SG_48;SG_25;SG_3;SG_46;SG_39;SG_47;SG_29;SG_25;SG_3;SG_50;SG_46;SG_47
375|5|CIZN|9|55.6000|SG_5;SG_30;SG_44;SG_22;SG_10;SG_18
376|10|JBLU|18|55.6000|SG_23;SG_3;SG_50;SG_12;SG_46;SG_39;SG_47;SG_30;SG_23;SG_3;SG_42;SG_47
377|5|AYRO|9|55.6000|SG_35;SG_25;SG_47;SG_21;SG_37;SG_50
378|5|ALYA|9|55.6000|SG_35;SG_14;SG_30;SG_35;SG_14;SG_42
379|10|IMXI|18|55.6000|SG_23;SG_50;SG_42;SG_18;SG_30;SG_35;SG_14;SG_4;SG_50;SG_46;SG_39
380|5|BHAT|9|55.6000|SG_28;SG_45;SG_22;SG_28;SG_6;SG_37;SG_17;SG_32
381|10|LNSR|18|55.6000|SG_30;SG_38;SG_45;SG_21;SG_25;SG_50;SG_5;SG_38;SG_21;SG_25;SG_50;SG_42
382|10|COHU|18|55.6000|SG_14;SG_4;SG_50;SG_42;SG_46;SG_47;SG_29;SG_4;SG_42;SG_46;SG_47
383|5|ZIM|9|55.6000|SG_41;SG_26;SG_23;SG_33;SG_17;SG_41;SG_3;SG_17
384|5|KFRC|9|55.6000|SG_30;SG_4;SG_41;SG_50;SG_18;SG_4;SG_46;SG_18
385|15|CDLX|27|55.6000|SG_29;SG_35;SG_14;SG_21;SG_3;SG_22;SG_42;SG_46;SG_39;SG_29;SG_3;SG_22;SG_50;SG_46;SG_39;SG_47
386|5|ARCB|9|55.6000|SG_29;SG_35;SG_18;SG_39;SG_35;SG_41
387|5|KRKR|9|55.6000|SG_45;SG_14;SG_37;SG_25;SG_6;SG_14;SG_21;SG_37;SG_51
388|5|SALM|9|55.6000|SG_35;SG_14;SG_50;SG_42;SG_24;SG_17;SG_42
389|5|FRGI|9|55.6000|SG_30;SG_50;SG_30;SG_22;SG_50;SG_9;SG_39
390|5|LKCO|9|55.6000|SG_28;SG_14;SG_21;SG_37;SG_28;SG_25;SG_5;SG_42
391|5|KURA|9|55.6000|SG_29;SG_45;SG_50;SG_42;SG_29;SG_35;SG_25;SG_43
392|9|LPRO|16|56.2000|SG_44;SG_23;SG_3;SG_18;SG_28;SG_35;SG_23;SG_3;SG_42
393|9|CRMT|16|56.2000|SG_35;SG_4;SG_50;SG_42;SG_29;SG_45;SG_4;SG_50;SG_42;SG_39
394|9|FMTX|16|56.2000|SG_29;SG_11;SG_35;SG_21;SG_50;SG_43;SG_42;SG_39;SG_29;SG_25;SG_42
395|9|LOPE|16|56.2000|SG_30;SG_3;SG_50;SG_18;SG_30;SG_3;SG_22;SG_50;SG_42;SG_18
396|9|FLEX|16|56.2000|SG_35;SG_3;SG_17;SG_30;SG_45;SG_35;SG_14;SG_23;SG_50;SG_42
397|9|AMRN|16|56.2000|SG_30;SG_38;SG_11;SG_21;SG_51;SG_25;SG_42;SG_46;SG_30;SG_11;SG_21;SG_25;SG_43;SG_46
398|9|MBWM|16|56.2000|SG_30;SG_38;SG_45;SG_10;SG_47;SG_30;SG_38;SG_4;SG_22;SG_50;SG_46;SG_10;SG_47
399|9|EGAN|16|56.2000|SG_30;SG_14;SG_25;SG_42;SG_30;SG_38;SG_20;SG_14;SG_4;SG_50
400|9|EDIT|16|56.2000|SG_28;SG_45;SG_35;SG_21;SG_4;SG_25;SG_50;SG_39;SG_35;SG_4;SG_25;SG_42
401|9|EBAY|16|56.2000|SG_29;SG_45;SG_35;SG_23;SG_50;SG_46;SG_18;SG_39;SG_29;SG_41;SG_50;SG_39;SG_2
402|4|BRQS|7|57.1000|SG_28;SG_45;SG_21;SG_37;SG_14;SG_42
403|4|MGTX|7|57.1000|SG_29;SG_43;SG_46;SG_29;SG_25
404|8|HBAN|14|57.1000|SG_30;SG_41;SG_22;SG_46;SG_10;SG_39;SG_47;SG_41;SG_50;SG_46;SG_39;SG_2
405|4|CFFI|7|57.1000|SG_45;SG_41;SG_5;SG_10;SG_17
406|8|EWBC|14|57.1000|SG_30;SG_41;SG_50;SG_10;SG_18;SG_39;SG_30;SG_41;SG_50;SG_18;SG_39;SG_2
407|4|ITIC|7|57.1000|SG_30;SG_41;SG_50;SG_30;SG_25
408|4|ESSA|7|57.1000|SG_30;SG_38;SG_35;SG_41;SG_5
409|4|CFFN|7|57.1000|SG_35;SG_41;SG_25;SG_18;SG_30;SG_50;SG_46
410|8|CRAI|14|57.1000|SG_29;SG_4;SG_41;SG_50;SG_12;SG_18;SG_29;SG_4;SG_22;SG_50;SG_18
411|8|BOXL|14|57.1000|SG_14;SG_50;SG_42;SG_46;SG_28;SG_14;SG_37;SG_5
412|8|ATNI|14|57.1000|SG_14;SG_21;SG_4;SG_23;SG_46;SG_39;SG_30;SG_35;SG_14;SG_41;SG_39
413|4|EBTC|7|57.1000|SG_38;SG_35;SG_4;SG_50;SG_4;SG_22
414|4|EBMT|7|57.1000|SG_50;SG_5;SG_30;SG_38;SG_41;SG_50
415|8|AMKR|14|57.1000|SG_35;SG_14;SG_41;SG_3;SG_22;SG_46;SG_47;SG_38;SG_41;SG_48;SG_22;SG_46;SG_47
416|4|DTEA|7|57.1000|SG_37;SG_22;SG_17;SG_5;SG_29;SG_37
417|8|CPRT|14|57.1000|SG_29;SG_45;SG_19;SG_46;SG_29;SG_45;SG_25;SG_42;SG_46;SG_39
418|8|FCAP|14|57.1000|SG_30;SG_41;SG_37;SG_50;SG_18;SG_45;SG_35;SG_37;SG_25;SG_5
419|4|EVOL|7|57.1000|SG_14;SG_25;SG_42;SG_19;SG_38;SG_35;SG_42
420|8|FOXF|14|57.1000|SG_29;SG_3;SG_22;SG_19;SG_29;SG_3;SG_22;SG_19
421|4|BIMI|7|57.1000|SG_27;SG_21;SG_22;SG_42;SG_11;SG_32
422|8|JNCE|14|57.1000|SG_30;SG_11;SG_35;SG_4;SG_43;SG_47;SG_30;SG_35;SG_4;SG_25;SG_42
423|8|EEFT|14|57.1000|SG_30;SG_14;SG_23;SG_19;SG_30;SG_14;SG_23;SG_3;SG_19
424|4|FMBI|7|57.1000|SG_35;SG_41;SG_50;SG_39;SG_22
425|8|HDSN|14|57.1000|SG_29;SG_24;SG_17;SG_50;SG_7;SG_46;SG_29;SG_38;SG_24;SG_17;SG_50;SG_5
426|8|EBC|14|57.1000|SG_41;SG_10;SG_38;SG_45;SG_25;SG_3;SG_50;SG_19
427|8|HOOK|14|57.1000|SG_6;SG_27;SG_21;SG_22;SG_50;SG_42;SG_39;SG_11;SG_35;SG_21;SG_42
428|4|ICLR|7|57.1000|SG_30;SG_11;SG_23;SG_11;SG_23;SG_2
429|8|ISRG|14|57.1000|SG_29;SG_45;SG_25;SG_49;SG_43;SG_42;SG_46;SG_29;SG_11;SG_20;SG_25;SG_2
430|8|EXLS|14|57.1000|SG_30;SG_35;SG_14;SG_3;SG_22;SG_42;SG_46;SG_30;SG_42;SG_46
431|4|ATVI|7|57.1000|SG_45;SG_14;SG_41;SG_18;SG_22;SG_18
432|8|FOLD|14|57.1000|SG_29;SG_21;SG_40;SG_50;SG_35;SG_21;SG_23;SG_40;SG_3;SG_50;SG_43;SG_42;SG_46
433|8|CROX|14|57.1000|SG_28;SG_26;SG_25;SG_3;SG_17;SG_9;SG_39;SG_28;SG_26;SG_42;SG_9;SG_39
434|11|FELE|19|57.9000|SG_30;SG_41;SG_3;SG_22;SG_50;SG_12;SG_46;SG_18;SG_22;SG_50;SG_46;SG_39
435|11|EVER|19|57.9000|SG_30;SG_14;SG_4;SG_48;SG_25;SG_47;SG_14;SG_21;SG_4;SG_25;SG_42;SG_46;SG_39
436|11|ACNB|19|57.9000|SG_30;SG_35;SG_25;SG_50;SG_5;SG_46;SG_38;SG_41;SG_25;SG_17;SG_10
437|11|JBHT|19|57.9000|SG_30;SG_45;SG_50;SG_46;SG_30;SG_41;SG_22;SG_12;SG_46;SG_18
438|11|CTSH|19|57.9000|SG_35;SG_22;SG_46;SG_18;SG_39;SG_47;SG_35;SG_14;SG_41;SG_22;SG_50;SG_46;SG_18;SG_47
439|7|KTCC|12|58.3000|SG_30;SG_50;SG_5;SG_38;SG_35;SG_50;SG_5;SG_18
440|7|LIQT|12|58.3000|SG_30;SG_51;SG_12;SG_42;SG_38;SG_21;SG_51;SG_23;SG_42
441|7|CVLG|12|58.3000|SG_29;SG_22;SG_42;SG_29;SG_35;SG_4;SG_22;SG_50;SG_42
442|7|LBTYA|12|58.3000|SG_14;SG_50;SG_39;SG_2;SG_30;SG_23;SG_17;SG_50;SG_46
443|7|ECOL|12|58.3000|SG_29;SG_4;SG_50;SG_29;SG_21;SG_4;SG_50;SG_12;SG_42;SG_39
444|7|DISH|12|58.3000|SG_14;SG_23;SG_17;SG_50;SG_42;SG_39;SG_23;SG_17;SG_50;SG_2
445|7|ALRS|12|58.3000|SG_38;SG_4;SG_41;SG_18;SG_30;SG_4;SG_10;SG_18
446|7|CCMP|12|58.3000|SG_14;SG_21;SG_23;SG_14;SG_21;SG_41;SG_23;SG_3;SG_39
447|7|ISTR|12|58.3000|SG_30;SG_38;SG_50;SG_5;SG_10;SG_30;SG_5;SG_19;SG_10
448|7|EZPW|12|58.3000|SG_29;SG_22;SG_50;SG_19;SG_29;SG_45;SG_22;SG_39
449|7|BSET|12|58.3000|SG_35;SG_25;SG_17;SG_50;SG_5;SG_29;SG_35;SG_41;SG_25;SG_50;SG_39
450|7|CHUY|12|58.3000|SG_35;SG_25;SG_50;SG_42;SG_18;SG_9;SG_29;SG_4;SG_18
451|7|EHTH|12|58.3000|SG_29;SG_35;SG_25;SG_46;SG_35;SG_4;SG_25;SG_50;SG_39
452|7|FLIC|12|58.3000|SG_30;SG_38;SG_4;SG_18;SG_45;SG_23;SG_50;SG_18
453|7|BFIN|12|58.3000|SG_30;SG_5;SG_18;SG_35;SG_5;SG_18
454|7|ADP|12|58.3000|SG_45;SG_23;SG_50;SG_19;SG_46;SG_39;SG_47;SG_35;SG_12;SG_19;SG_47
455|7|IESC|12|58.3000|SG_4;SG_50;SG_12;SG_46;SG_39;SG_30;SG_35;SG_4;SG_18
456|10|MGNX|17|58.8000|SG_29;SG_21;SG_25;SG_42;SG_39;SG_29;SG_4;SG_25;SG_50;SG_43;SG_42;SG_46;SG_39
457|10|AUB|17|58.8000|SG_30;SG_45;SG_41;SG_50;SG_18;SG_39;SG_30;SG_45;SG_3;SG_50;SG_10;SG_39
458|10|LPTH|17|58.8000|SG_38;SG_14;SG_22;SG_50;SG_46;SG_30;SG_14;SG_21;SG_22;SG_5;SG_46
459|10|CHRW|17|58.8000|SG_30;SG_23;SG_50;SG_18;SG_47;SG_2;SG_30;SG_23;SG_12;SG_18;SG_39;SG_47;SG_2
460|10|FISI|17|58.8000|SG_30;SG_41;SG_22;SG_17;SG_50;SG_39;SG_30;SG_35;SG_4;SG_41;SG_10;SG_39
461|10|FVE|17|58.8000|SG_29;SG_38;SG_35;SG_21;SG_50;SG_42;SG_29;SG_11;SG_21;SG_50;SG_5
462|10|KRMD|17|58.8000|SG_29;SG_38;SG_11;SG_45;SG_21;SG_22;SG_50;SG_43;SG_42;SG_35;SG_21;SG_5
463|10|CVCY|17|58.8000|SG_30;SG_38;SG_41;SG_22;SG_17;SG_5;SG_46;SG_10;SG_30;SG_22;SG_50;SG_46;SG_10
464|10|LOVE|17|58.8000|SG_28;SG_4;SG_48;SG_25;SG_50;SG_18;SG_47;SG_48;SG_50;SG_42;SG_46;SG_9
465|10|CRWD|17|58.8000|SG_29;SG_42;SG_46;SG_2;SG_29;SG_14;SG_21;SG_50;SG_42;SG_46
466|10|BIGC|17|58.8000|SG_28;SG_45;SG_48;SG_25;SG_3;SG_46;SG_39;SG_45;SG_14;SG_3;SG_46;SG_47
467|13|EA|22|59.1000|SG_30;SG_35;SG_14;SG_48;SG_19;SG_46;SG_47;SG_30;SG_45;SG_14;SG_41;SG_50;SG_46;SG_39
468|13|BECN|22|59.1000|SG_44;SG_40;SG_3;SG_50;SG_42;SG_46;SG_18;SG_47;SG_30;SG_45;SG_40;SG_3;SG_50;SG_12;SG_42;SG_46;SG_47
469|3|FRBK|5|60.0000|SG_22;SG_5;SG_10;SG_22;SG_50
470|3|IROQ|5|60.0000|SG_38;SG_45;SG_35;SG_22;SG_10
471|6|LFVN|10|60.0000|SG_29;SG_38;SG_17;SG_5;SG_42;SG_29;SG_35;SG_17;SG_50;SG_9
472|6|ENTG|10|60.0000|SG_29;SG_45;SG_35;SG_19;SG_2;SG_41;SG_40;SG_46;SG_2
473|3|ISBC|5|60.0000|SG_30;SG_50;SG_50;SG_39
474|12|HURC|20|60.0000|SG_30;SG_25;SG_50;SG_44;SG_45;SG_35;SG_25;SG_50;SG_5;SG_19;SG_39
475|12|CSWI|20|60.0000|SG_29;SG_4;SG_41;SG_22;SG_50;SG_46;SG_47;SG_29;SG_4;SG_12;SG_46;SG_47
476|6|ARKR|10|60.0000|SG_30;SG_17;SG_5;SG_35;SG_23;SG_17;SG_5;SG_42
477|3|LARK|5|60.0000|SG_41;SG_22;SG_17;SG_38;SG_5
478|6|AUDC|10|60.0000|SG_14;SG_18;SG_29;SG_14;SG_4;SG_41;SG_18
479|6|AGEN|10|60.0000|SG_38;SG_42;SG_46;SG_38;SG_11;SG_4;SG_50
480|6|HLNE|10|60.0000|SG_29;SG_3;SG_29;SG_35;SG_3;SG_50;SG_10;SG_18
481|9|LYTS|15|60.0000|SG_30;SG_14;SG_50;SG_5;SG_18;SG_30;SG_35;SG_14;SG_23;SG_18;SG_39
482|9|BIOL|15|60.0000|SG_35;SG_37;SG_22;SG_43;SG_46;SG_29;SG_21;SG_22;SG_43;SG_5;SG_46
483|9|ANIK|15|60.0000|SG_29;SG_4;SG_25;SG_50;SG_43;SG_39;SG_29;SG_21;SG_25;SG_50
484|9|CLAR|15|60.0000|SG_4;SG_41;SG_19;SG_46;SG_29;SG_35;SG_41;SG_23;SG_50;SG_39
485|9|CYTK|15|60.0000|SG_29;SG_35;SG_23;SG_40;SG_50;SG_35;SG_21;SG_40;SG_3;SG_50;SG_43;SG_42;SG_46
486|6|CHNG|10|60.0000|SG_30;SG_35;SG_3;SG_50;SG_35;SG_24;SG_43;SG_42;SG_46
487|9|CNOB|15|60.0000|SG_30;SG_4;SG_41;SG_22;SG_10;SG_18;SG_30;SG_4;SG_41;SG_46;SG_10;SG_39
488|9|SBLK|15|60.0000|SG_38;SG_35;SG_26;SG_23;SG_3;SG_17;SG_30;SG_38;SG_41;SG_26;SG_23;SG_3
489|9|LNTH|15|60.0000|SG_30;SG_11;SG_4;SG_22;SG_46;SG_47;SG_4;SG_22;SG_50;SG_42;SG_46;SG_39;SG_47
490|6|ANAT|10|60.0000|SG_45;SG_35;SG_22;SG_30;SG_45;SG_22;SG_10;SG_39
491|9|AMBA|15|60.0000|SG_14;SG_25;SG_50;SG_42;SG_47;SG_28;SG_21;SG_25;SG_50;SG_46
492|6|DHIL|10|60.0000|SG_50;SG_10;SG_39;SG_29;SG_25;SG_17;SG_50;SG_39
493|9|LGND|15|60.0000|SG_29;SG_22;SG_18;SG_29;SG_4;SG_40;SG_22;SG_50
494|6|CSTR|10|60.0000|SG_30;SG_22;SG_50;SG_38;SG_4;SG_50;SG_46
495|9|DTIL|15|60.0000|SG_28;SG_38;SG_35;SG_22;SG_43;SG_42;SG_21;SG_22;SG_50;SG_5;SG_42
496|6|KLAC|10|60.0000|SG_50;SG_46;SG_2;SG_14;SG_23;SG_46;SG_2
497|14|KDNY|23|60.9000|SG_29;SG_11;SG_35;SG_21;SG_4;SG_43;SG_42;SG_46;SG_45;SG_35;SG_21;SG_43;SG_46;SG_39
498|11|FCBC|18|61.1000|SG_30;SG_45;SG_41;SG_46;SG_18;SG_30;SG_50;SG_46;SG_10;SG_18
499|11|ALRM|18|61.1000|SG_30;SG_14;SG_50;SG_46;SG_39;SG_30;SG_35;SG_14;SG_3;SG_42;SG_46;SG_47
500|11|GIII|18|61.1000|SG_29;SG_35;SG_4;SG_22;SG_42;SG_9;SG_29;SG_45;SG_4;SG_22;SG_17;SG_42;SG_46;SG_9
501|11|MERC|18|61.1000|SG_38;SG_35;SG_25;SG_7;SG_46;SG_44;SG_38;SG_4;SG_17;SG_46
502|11|IBTX|18|61.1000|SG_30;SG_41;SG_3;SG_50;SG_47;SG_41;SG_3;SG_22;SG_50;SG_46;SG_18;SG_39;SG_47
503|8|FUNC|13|61.5000|SG_38;SG_41;SG_17;SG_50;SG_38;SG_35;SG_50;SG_5;SG_46
504|8|HOPE|13|61.5000|SG_3;SG_22;SG_10;SG_18;SG_35;SG_41;SG_22;SG_18;SG_39
505|8|GAN|13|61.5000|SG_28;SG_21;SG_5;SG_9;SG_35;SG_21;SG_25;SG_50;SG_5;SG_42;SG_46;SG_9
506|8|CVGI|13|61.5000|SG_30;SG_35;SG_5;SG_42;SG_39;SG_30;SG_5;SG_42;SG_18
507|8|INTC|13|61.5000|SG_50;SG_39;SG_30;SG_14;SG_22;SG_17;SG_50;SG_39
508|8|ATLO|13|61.5000|SG_30;SG_38;SG_50;SG_5;SG_46;SG_30;SG_35;SG_25;SG_46
509|8|CTG|13|61.5000|SG_30;SG_14;SG_25;SG_50;SG_30;SG_38;SG_45;SG_14;SG_5;SG_42
510|8|LULU|13|61.5000|SG_29;SG_35;SG_25;SG_42;SG_19;SG_9;SG_39;SG_29;SG_51;SG_39
511|8|FLUX|13|61.5000|SG_38;SG_21;SG_25;SG_50;SG_12;SG_46;SG_28;SG_50;SG_12;SG_42
512|8|FFIC|13|61.5000|SG_4;SG_41;SG_22;SG_50;SG_46;SG_39;SG_4;SG_41;SG_22;SG_46;SG_18
513|8|GBT|13|61.5000|SG_21;SG_4;SG_50;SG_43;SG_30;SG_11;SG_21;SG_42;SG_39
514|8|HTBI|13|61.5000|SG_4;SG_41;SG_25;SG_50;SG_18;SG_39;SG_30;SG_25;SG_46;SG_39
515|8|MCHP|13|61.5000|SG_30;SG_45;SG_14;SG_46;SG_45;SG_20;SG_35;SG_14;SG_41;SG_50;SG_46
516|8|AMNB|13|61.5000|SG_38;SG_35;SG_4;SG_46;SG_10;SG_30;SG_4;SG_17;SG_46;SG_10
517|8|LMNR|13|61.5000|SG_21;SG_41;SG_23;SG_46;SG_9;SG_38;SG_35;SG_21;SG_41;SG_48;SG_50;SG_5;SG_46
518|8|KLIC|13|61.5000|SG_14;SG_25;SG_17;SG_29;SG_35;SG_14;SG_41;SG_3;SG_46
519|8|LOB|13|61.5000|SG_41;SG_23;SG_3;SG_50;SG_46;SG_39;SG_50;SG_46;SG_10;SG_18;SG_39
520|8|CLNE|13|61.5000|SG_29;SG_38;SG_45;SG_21;SG_4;SG_22;SG_38;SG_4;SG_22;SG_42
521|8|GRTS|13|61.5000|SG_11;SG_45;SG_35;SG_4;SG_25;SG_50;SG_43;SG_42;SG_46;SG_11;SG_46
522|13|AZPN|21|61.9000|SG_30;SG_35;SG_14;SG_40;SG_3;SG_50;SG_46;SG_18;SG_30;SG_14;SG_22;SG_50;SG_18
523|13|LIVN|21|61.9000|SG_30;SG_11;SG_40;SG_3;SG_22;SG_46;SG_47;SG_11;SG_21;SG_40;SG_3;SG_22;SG_50;SG_42;SG_47
524|5|MIND|8|62.5000|SG_29;SG_14;SG_25;SG_42;SG_29;SG_50;SG_46
525|5|HUBG|8|62.5000|SG_50;SG_39;SG_3;SG_22;SG_50;SG_12
526|5|IBEX|8|62.5000|SG_29;SG_38;SG_14;SG_5;SG_38;SG_35;SG_14
527|15|CVLY|24|62.5000|SG_30;SG_38;SG_50;SG_5;SG_10;SG_18;SG_30;SG_38;SG_45;SG_41;SG_50;SG_5;SG_46;SG_10;SG_18;SG_47
528|5|FRPT|8|62.5000|SG_21;SG_50;SG_29;SG_21;SG_25;SG_3
529|10|HBCP|16|62.5000|SG_30;SG_38;SG_22;SG_17;SG_50;SG_10;SG_30;SG_38;SG_41;SG_22;SG_50
530|5|FLGT|8|62.5000|SG_38;SG_3;SG_42;SG_46;SG_50;SG_43;SG_46
531|10|LIZI|16|62.5000|SG_14;SG_21;SG_37;SG_22;SG_5;SG_14;SG_21;SG_37;SG_5;SG_42
532|10|FNLC|16|62.5000|SG_30;SG_38;SG_4;SG_50;SG_45;SG_25;SG_17;SG_46
533|10|ARVN|16|62.5000|SG_11;SG_21;SG_25;SG_3;SG_50;SG_43;SG_46;SG_47;SG_29;SG_43;SG_46;SG_39;SG_47
534|10|HCKT|16|62.5000|SG_30;SG_14;SG_41;SG_25;SG_39;SG_35;SG_14;SG_4;SG_41;SG_18;SG_39
535|10|BRKL|16|62.5000|SG_30;SG_35;SG_4;SG_50;SG_18;SG_39;SG_30;SG_22;SG_50;SG_18;SG_39
536|10|EPAY|16|62.5000|SG_14;SG_22;SG_42;SG_46;SG_39;SG_14;SG_21;SG_3;SG_22;SG_42;SG_46
537|10|GNLN|16|62.5000|SG_27;SG_35;SG_50;SG_42;SG_47;SG_11;SG_21;SG_50;SG_5;SG_42;SG_46
538|10|FSLR|16|62.5000|SG_29;SG_35;SG_48;SG_22;SG_50;SG_42;SG_46;SG_39;SG_47;SG_29;SG_42;SG_46
539|10|HSIC|16|62.5000|SG_22;SG_50;SG_43;SG_18;SG_2;SG_30;SG_22;SG_50;SG_43;SG_42;SG_39
540|5|KIDS|8|62.5000|SG_25;SG_43;SG_46;SG_39;SG_46
541|5|IBOC|8|62.5000|SG_30;SG_22;SG_50;SG_18;SG_39
542|5|CFB|8|62.5000|SG_38;SG_35;SG_4;SG_50;SG_42;SG_18;SG_47
543|10|LAWS|16|62.5000|SG_30;SG_45;SG_4;SG_22;SG_19;SG_39;SG_30;SG_4;SG_22;SG_12;SG_42
544|5|HWKN|8|62.5000|SG_30;SG_4;SG_41;SG_18;SG_30;SG_4;SG_7;SG_18
545|5|JRJC|8|62.5000|SG_45;SG_21;SG_39;SG_28;SG_22;SG_32;SG_39
546|10|CTAS|16|62.5000|SG_30;SG_45;SG_41;SG_19;SG_39;SG_2;SG_30;SG_45;SG_23;SG_50;SG_39
547|12|FSBW|19|63.2000|SG_30;SG_35;SG_41;SG_22;SG_5;SG_39;SG_35;SG_17;SG_50;SG_5
548|12|BDSI|19|63.2000|SG_30;SG_35;SG_50;SG_42;SG_46;SG_30;SG_45;SG_4;SG_50;SG_42;SG_46;SG_18;SG_39
549|12|ASTE|19|63.2000|SG_30;SG_4;SG_50;SG_19;SG_46;SG_39;SG_30;SG_4;SG_25;SG_50;SG_19;SG_46
550|12|BDSX|19|63.2000|SG_11;SG_45;SG_21;SG_37;SG_50;SG_5;SG_47;SG_28;SG_11;SG_35;SG_21;SG_25;SG_5;SG_47
551|12|GDYN|19|63.2000|SG_28;SG_35;SG_14;SG_25;SG_50;SG_46;SG_28;SG_45;SG_14;SG_21;SG_4;SG_42;SG_46
552|12|FAST|19|63.2000|SG_30;SG_41;SG_22;SG_50;SG_12;SG_19;SG_46;SG_2;SG_30;SG_48;SG_12;SG_19;SG_46;SG_39;SG_47;SG_2
553|21|IIVI|33|63.6000|SG_44;SG_35;SG_14;SG_48;SG_40;SG_3;SG_50;SG_46;SG_18;SG_47;SG_30;SG_45;SG_14;SG_48;SG_3;SG_22;SG_46;SG_47
554|7|KNSA|11|63.6000|SG_30;SG_11;SG_25;SG_42;SG_39;SG_35;SG_51;SG_25;SG_42;SG_39
555|7|CME|11|63.6000|SG_46;SG_45;SG_41;SG_50;SG_19;SG_39;SG_2
556|7|CHX|11|63.6000|SG_30;SG_3;SG_50;SG_42;SG_20;SG_22;SG_50;SG_39
557|7|CINF|11|63.6000|SG_30;SG_41;SG_22;SG_39;SG_30;SG_41;SG_17;SG_50
558|7|DXYN|11|63.6000|SG_29;SG_5;SG_9;SG_29;SG_38;SG_35;SG_17;SG_9
559|7|EVK|11|63.6000|SG_23;SG_42;SG_18;SG_29;SG_51;SG_23;SG_42;SG_18;SG_9
560|7|AMTI|11|63.6000|SG_11;SG_21;SG_4;SG_25;SG_50;SG_43;SG_42;SG_21;SG_46
561|7|UFPT|11|63.6000|SG_30;SG_4;SG_50;SG_19;SG_9;SG_4;SG_26;SG_19;SG_9
562|7|MKTX|11|63.6000|SG_45;SG_35;SG_25;SG_50;SG_39;SG_2;SG_30;SG_50;SG_39
563|7|HEAR|11|63.6000|SG_29;SG_14;SG_4;SG_50;SG_42;SG_29;SG_14;SG_4;SG_50;SG_39;SG_47
564|7|HAS|11|63.6000|SG_30;SG_45;SG_24;SG_50;SG_45;SG_41;SG_24;SG_18;SG_47
565|7|GVP|11|63.6000|SG_14;SG_17;SG_46;SG_29;SG_35;SG_14;SG_50;SG_42;SG_46
566|7|IDXX|11|63.6000|SG_29;SG_11;SG_46;SG_39;SG_2;SG_11;SG_50;SG_46;SG_39
567|7|CRNC|11|63.6000|SG_20;SG_35;SG_40;SG_3;SG_50;SG_14;SG_40
568|7|AUTO|11|63.6000|SG_29;SG_21;SG_37;SG_29;SG_45;SG_35;SG_14;SG_37
569|7|BANR|11|63.6000|SG_41;SG_3;SG_50;SG_39;SG_3;SG_22;SG_10;SG_18
570|7|BLUE|11|63.6000|SG_11;SG_50;SG_42;SG_47;SG_29;SG_11;SG_45;SG_21;SG_50;SG_39
571|7|CRNT|11|63.6000|SG_14;SG_21;SG_37;SG_22;SG_29;SG_37;SG_22;SG_5
572|7|IMAB|11|63.6000|SG_38;SG_11;SG_25;SG_3;SG_38;SG_21;SG_51;SG_43
573|14|LITE|22|63.6000|SG_30;SG_14;SG_23;SG_3;SG_18;SG_39;SG_14;SG_23;SG_3;SG_50;SG_42;SG_46;SG_18;SG_39
574|14|HTLD|22|63.6000|SG_30;SG_38;SG_45;SG_4;SG_25;SG_50;SG_12;SG_30;SG_38;SG_45;SG_25;SG_50;SG_12;SG_18
575|7|FFWM|11|63.6000|SG_30;SG_30;SG_45;SG_35;SG_4;SG_41;SG_22;SG_50
576|7|KOPN|11|63.6000|SG_14;SG_25;SG_42;SG_38;SG_14;SG_50;SG_5;SG_42;SG_46
577|9|ENTA|14|64.3000|SG_4;SG_25;SG_50;SG_43;SG_46;SG_47;SG_29;SG_11;SG_46;SG_47
578|9|FORR|14|64.3000|SG_38;SG_20;SG_35;SG_4;SG_22;SG_50;SG_12;SG_42;SG_46;SG_30;SG_20;SG_4
579|9|HWBK|14|64.3000|SG_30;SG_38;SG_45;SG_41;SG_17;SG_5;SG_30;SG_45;SG_41;SG_22;SG_5
580|9|AESE|14|64.3000|SG_30;SG_46;SG_38;SG_14;SG_21;SG_25;SG_49;SG_5
581|9|DORM|14|64.3000|SG_3;SG_22;SG_50;SG_42;SG_9;SG_29;SG_42;SG_46;SG_9;SG_39
582|9|CASH|14|64.3000|SG_46;SG_18;SG_30;SG_35;SG_4;SG_41;SG_22;SG_50;SG_46;SG_18
583|9|FRME|14|64.3000|SG_41;SG_50;SG_46;SG_18;SG_30;SG_41;SG_3;SG_22;SG_50;SG_46;SG_39
584|11|LUNG|17|64.7000|SG_29;SG_11;SG_21;SG_4;SG_50;SG_29;SG_11;SG_21;SG_4;SG_48;SG_42;SG_46;SG_39;SG_47
585|11|LEGN|17|64.7000|SG_38;SG_11;SG_21;SG_3;SG_22;SG_50;SG_43;SG_29;SG_11;SG_35;SG_3;SG_22;SG_42
586|11|BWFG|17|64.7000|SG_45;SG_41;SG_22;SG_5;SG_46;SG_47;SG_30;SG_46;SG_18;SG_47
587|11|LYFT|17|64.7000|SG_29;SG_45;SG_50;SG_46;SG_2;SG_29;SG_45;SG_35;SG_23;SG_47
588|11|AMSWA|17|64.7000|SG_29;SG_14;SG_25;SG_40;SG_50;SG_29;SG_20;SG_4;SG_25;SG_40;SG_50;SG_46
589|11|GRMN|17|64.7000|SG_30;SG_35;SG_25;SG_50;SG_18;SG_30;SG_38;SG_35;SG_14;SG_41;SG_25;SG_50;SG_18
590|11|WST|17|64.7000|SG_22;SG_19;SG_39;SG_30;SG_11;SG_41;SG_50;SG_19;SG_39
591|11|MGPI|17|64.7000|SG_30;SG_35;SG_50;SG_46;SG_18;SG_22;SG_50;SG_46;SG_18;SG_9;SG_39;SG_47
592|11|AKTS|17|64.7000|SG_29;SG_38;SG_35;SG_21;SG_50;SG_5;SG_47;SG_29;SG_14;SG_50;SG_5
593|13|IRBT|20|65.0000|SG_14;SG_25;SG_50;SG_42;SG_18;SG_39;SG_29;SG_14;SG_4;SG_50;SG_42;SG_39;SG_47
594|13|DAKT|20|65.0000|SG_30;SG_38;SG_14;SG_25;SG_50;SG_5;SG_42;SG_35;SG_14;SG_25;SG_5;SG_42;SG_19
595|13|FROG|20|65.0000|SG_29;SG_14;SG_50;SG_42;SG_46;SG_39;SG_29;SG_14;SG_21;SG_3;SG_50;SG_46;SG_39
596|8|ECPG|12|66.7000|SG_30;SG_35;SG_4;SG_17;SG_42;SG_4;SG_48;SG_25;SG_50
597|6|FBIO|9|66.7000|SG_28;SG_38;SG_21;SG_5;SG_28;SG_38;SG_5
598|8|HMST|12|66.7000|SG_4;SG_22;SG_50;SG_10;SG_39;SG_30;SG_35;SG_4;SG_41;SG_50;SG_10
599|10|DKNG|15|66.7000|SG_28;SG_45;SG_21;SG_42;SG_45;SG_21;SG_23;SG_42;SG_46;SG_39;SG_2
600|6|LKQ|9|66.7000|SG_41;SG_22;SG_9;SG_41;SG_50;SG_18;SG_9
601|8|ITI|12|66.7000|SG_38;SG_50;SG_5;SG_42;SG_46;SG_45;SG_14;SG_21;SG_5
602|6|IOVA|9|66.7000|SG_11;SG_43;SG_42;SG_29;SG_11;SG_21;SG_40;SG_50
603|8|DRIO|12|66.7000|SG_21;SG_25;SG_43;SG_5;SG_46;SG_28;SG_38;SG_11;SG_21;SG_50;SG_42
604|10|LHCG|15|66.7000|SG_11;SG_35;SG_50;SG_43;SG_42;SG_30;SG_11;SG_3;SG_22;SG_50;SG_18
605|8|LMB|12|66.7000|SG_35;SG_22;SG_12;SG_5;SG_42;SG_19;SG_22;SG_5;SG_19
606|8|EVGN|12|66.7000|SG_21;SG_22;SG_43;SG_5;SG_42;SG_28;SG_11;SG_37;SG_5
607|8|COUP|12|66.7000|SG_28;SG_14;SG_3;SG_45;SG_14;SG_25;SG_46
608|8|LKFN|12|66.7000|SG_35;SG_41;SG_39;SG_30;SG_41;SG_25;SG_46;SG_39
609|6|CATC|9|66.7000|SG_38;SG_35;SG_25;SG_50;SG_18;SG_4;SG_50;SG_18
610|10|DMRC|15|66.7000|SG_29;SG_38;SG_45;SG_14;SG_25;SG_50;SG_29;SG_38;SG_45;SG_35;SG_14;SG_4;SG_50
611|10|BHF|15|66.7000|SG_30;SG_21;SG_3;SG_50;SG_42;SG_21;SG_3;SG_22;SG_50;SG_42;SG_39
612|8|BCEL|12|66.7000|SG_45;SG_25;SG_50;SG_5;SG_42;SG_11;SG_39
613|4|CDAK|6|66.7000|SG_50;SG_42;SG_23;SG_5;SG_42
614|8|HBMD|12|66.7000|SG_30;SG_45;SG_4;SG_22;SG_45;SG_4;SG_50;SG_18
615|8|HCSG|12|66.7000|SG_30;SG_35;SG_4;SG_41;SG_25;SG_40;SG_30;SG_41;SG_25
616|6|MASI|9|66.7000|SG_29;SG_49;SG_43;SG_42;SG_47;SG_50;SG_42
617|6|CEMI|9|66.7000|SG_11;SG_21;SG_37;SG_22;SG_50;SG_43;SG_42
618|14|ATRA|21|66.7000|SG_30;SG_11;SG_21;SG_4;SG_25;SG_40;SG_43;SG_46;SG_30;SG_11;SG_21;SG_4;SG_42
619|14|FLNT|21|66.7000|SG_28;SG_38;SG_14;SG_21;SG_5;SG_46;SG_38;SG_14;SG_21;SG_5;SG_46
620|4|ENG|6|66.7000|SG_21;SG_12;SG_42;SG_22;SG_12;SG_42
621|14|AXNX|21|66.7000|SG_29;SG_35;SG_21;SG_48;SG_25;SG_40;SG_42;SG_46;SG_29;SG_11;SG_48;SG_25;SG_40;SG_3;SG_43;SG_46
622|2|CPHC|3|66.7000|SG_5;SG_25
623|2|DWSN|3|66.7000|SG_35;SG_7;SG_30
624|4|AVAV|6|66.7000|SG_35;SG_50;SG_21;SG_12;SG_46
625|10|BBGI|15|66.7000|SG_38;SG_24;SG_50;SG_5;SG_29;SG_38;SG_35;SG_50;SG_46
626|12|GNTX|18|66.7000|SG_30;SG_45;SG_39;SG_30;SG_45;SG_25;SG_3;SG_46;SG_9;SG_39
627|6|CNDT|9|66.7000|SG_14;SG_39;SG_35;SG_14;SG_21;SG_42;SG_39
628|10|GIGM|15|66.7000|SG_14;SG_21;SG_25;SG_42;SG_30;SG_6;SG_35;SG_14;SG_21;SG_37;SG_42
629|8|GILD|12|66.7000|SG_30;SG_11;SG_41;SG_24;SG_18;SG_39;SG_30;SG_24;SG_50
630|12|MIDD|18|66.7000|SG_30;SG_35;SG_50;SG_12;SG_42;SG_46;SG_18;SG_2;SG_30;SG_23;SG_42;SG_46;SG_2
631|6|CETX|9|66.7000|SG_28;SG_21;SG_37;SG_23;SG_12;SG_37;SG_50;SG_12
632|6|METC|9|66.7000|SG_7;SG_19;SG_30;SG_38;SG_35;SG_4;SG_19
633|12|ITCI|18|66.7000|SG_30;SG_11;SG_45;SG_35;SG_21;SG_48;SG_3;SG_50;SG_46;SG_45;SG_25;SG_50;SG_43;SG_39
634|12|FNWB|18|66.7000|SG_30;SG_44;SG_38;SG_45;SG_50;SG_5;SG_46;SG_30;SG_38;SG_41;SG_22;SG_46;SG_18
635|6|MDVL|9|66.7000|SG_22;SG_42;SG_21;SG_43;SG_39
636|8|EYE|12|66.7000|SG_29;SG_40;SG_42;SG_18;SG_9;SG_35;SG_23;SG_50;SG_9
637|8|FBMS|12|66.7000|SG_30;SG_41;SG_22;SG_50;SG_18;SG_39;SG_30;SG_41;SG_10;SG_18
638|15|CFMS|22|68.2000|SG_38;SG_43;SG_5;SG_42;SG_46;SG_47;SG_28;SG_38;SG_45;SG_21;SG_22;SG_50;SG_43;SG_5;SG_42
639|13|ADSK|19|68.4000|SG_35;SG_14;SG_25;SG_19;SG_46;SG_39;SG_47;SG_29;SG_14;SG_25;SG_42;SG_46
640|13|GABC|19|68.4000|SG_30;SG_4;SG_48;SG_25;SG_46;SG_38;SG_35;SG_41;SG_48;SG_50;SG_46;SG_18;SG_47
641|11|ESTA|16|68.8000|SG_44;SG_29;SG_35;SG_21;SG_51;SG_43;SG_42;SG_46;SG_11;SG_45;SG_21;SG_4
642|11|FNKO|16|68.8000|SG_30;SG_35;SG_4;SG_42;SG_9;SG_39;SG_30;SG_4;SG_42;SG_47
643|9|FEIM|13|69.2000|SG_30;SG_21;SG_5;SG_45;SG_14;SG_21;SG_25;SG_50;SG_5
644|9|HOLX|13|69.2000|SG_30;SG_23;SG_17;SG_43;SG_39;SG_2;SG_30;SG_50;SG_43
645|9|EXPD|13|69.2000|SG_30;SG_45;SG_35;SG_41;SG_25;SG_12;SG_46;SG_45;SG_25;SG_50;SG_18
646|9|CHMG|13|69.2000|SG_30;SG_17;SG_50;SG_46;SG_10;SG_30;SG_22;SG_50;SG_46
647|9|BCOR|13|69.2000|SG_30;SG_45;SG_35;SG_50;SG_39;SG_45;SG_21;SG_50
648|9|CBTX|13|69.2000|SG_38;SG_45;SG_25;SG_18;SG_30;SG_38;SG_45;SG_41;SG_25;SG_50;SG_10
649|9|DOX|13|69.2000|SG_14;SG_3;SG_18;SG_30;SG_14;SG_22;SG_50
650|9|CPSH|13|69.2000|SG_29;SG_22;SG_50;SG_18;SG_29;SG_35;SG_14;SG_22;SG_42;SG_18
651|7|MAXN|10|70.0000|SG_38;SG_14;SG_28;SG_14;SG_4
652|7|CBAN|10|70.0000|SG_30;SG_38;SG_22;SG_17;SG_10;SG_30;SG_35;SG_5
653|7|EGBN|10|70.0000|SG_30;SG_35;SG_4;SG_41;SG_22;SG_50;SG_50;SG_18;SG_39
654|7|HSON|10|70.0000|SG_38;SG_25;SG_19;SG_46;SG_38;SG_5;SG_19;SG_47
655|7|AIMC|10|70.0000|SG_29;SG_45;SG_41;SG_23;SG_40;SG_12;SG_41;SG_3
656|7|MKSI|10|70.0000|SG_45;SG_35;SG_14;SG_22;SG_18;SG_45;SG_41;SG_22
657|14|ENSG|20|70.0000|SG_30;SG_41;SG_3;SG_22;SG_50;SG_46;SG_39;SG_47;SG_30;SG_41;SG_22;SG_46;SG_47
658|7|FIBK|10|70.0000|SG_45;SG_41;SG_3;SG_50;SG_18;SG_30;SG_41;SG_50
659|7|LOGI|10|70.0000|SG_30;SG_14;SG_41;SG_25;SG_2;SG_30;SG_35;SG_25
660|7|JYNT|10|70.0000|SG_50;SG_43;SG_28;SG_4;SG_50
661|7|FULT|10|70.0000|SG_30;SG_41;SG_3;SG_46;SG_18;SG_41;SG_3;SG_46;SG_39
662|12|BCML|17|70.6000|SG_30;SG_45;SG_5;SG_42;SG_30;SG_38;SG_22;SG_50;SG_42;SG_18
663|12|GILT|17|70.6000|SG_30;SG_38;SG_45;SG_14;SG_41;SG_25;SG_30;SG_38;SG_45;SG_25;SG_17
664|12|IPGP|17|70.6000|SG_30;SG_14;SG_3;SG_22;SG_42;SG_46;SG_30;SG_42;SG_46;SG_18;SG_47
665|10|AVNW|14|71.4000|SG_35;SG_14;SG_4;SG_17;SG_30;SG_38;SG_14;SG_4;SG_25;SG_50
666|10|CCNE|14|71.4000|SG_30;SG_4;SG_41;SG_22;SG_50;SG_46;SG_35;SG_4;SG_22;SG_46;SG_10
667|10|IBCP|14|71.4000|SG_30;SG_35;SG_4;SG_10;SG_39;SG_30;SG_45;SG_35;SG_22;SG_39
668|10|KELYA|14|71.4000|SG_30;SG_4;SG_41;SG_25;SG_50;SG_46;SG_30;SG_25;SG_39
669|10|CAN|14|71.4000|SG_27;SG_14;SG_4;SG_37;SG_14;SG_37;SG_25;SG_17;SG_32;SG_42
670|10|BPOP|14|71.4000|SG_30;SG_22;SG_50;SG_10;SG_39;SG_30;SG_3;SG_39
671|10|KALU|14|71.4000|SG_30;SG_21;SG_24;SG_46;SG_30;SG_21;SG_4;SG_24;SG_40;SG_50;SG_46
672|10|HONE|14|71.4000|SG_30;SG_45;SG_4;SG_22;SG_50;SG_18;SG_45;SG_4;SG_41;SG_22;SG_46;SG_18
673|10|LFUS|14|71.4000|SG_29;SG_14;SG_41;SG_3;SG_22;SG_18;SG_47;SG_14;SG_3;SG_22;SG_18
674|5|MGIC|7|71.4000|SG_29;SG_14;SG_22;SG_19;SG_29;SG_14;SG_4
675|5|GIFI|7|71.4000|SG_21;SG_25;SG_5;SG_21;SG_7;SG_5
676|5|AMSF|7|71.4000|SG_30;SG_39;SG_30;SG_10;SG_39
677|5|ADUS|7|71.4000|SG_22;SG_50;SG_43;SG_11;SG_35;SG_50
678|5|AGYS|7|71.4000|SG_4;SG_25;SG_50;SG_29;SG_25;SG_42
679|5|BRP|7|71.4000|SG_29;SG_3;SG_46;SG_29;SG_45;SG_21
680|5|CORT|7|71.4000|SG_11;SG_50;SG_18;SG_11;SG_35
681|5|BRY|7|71.4000|SG_30;SG_23;SG_7;SG_35;SG_50
682|5|GBCI|7|71.4000|SG_45;SG_35;SG_50;SG_18;SG_23;SG_39
683|13|CDNS|18|72.2000|SG_29;SG_14;SG_42;SG_47;SG_29;SG_35;SG_25;SG_50;SG_42;SG_39;SG_47
684|13|KHC|18|72.2000|SG_35;SG_22;SG_50;SG_46;SG_39;SG_2;SG_30;SG_41;SG_22;SG_18
685|13|BOKF|18|72.2000|SG_30;SG_38;SG_41;SG_49;SG_50;SG_46;SG_18;SG_38;SG_22;SG_50;SG_10;SG_18;SG_47
686|8|FCFS|11|72.7000|SG_30;SG_45;SG_35;SG_41;SG_18;SG_39;SG_18
687|8|CEVA|11|72.7000|SG_29;SG_14;SG_25;SG_46;SG_35;SG_21;SG_46
688|8|GDS|11|72.7000|SG_29;SG_21;SG_3;SG_42;SG_39;SG_29;SG_14;SG_21;SG_3;SG_42;SG_39
689|8|DHC|11|72.7000|SG_45;SG_4;SG_41;SG_25;SG_30;SG_45;SG_21;SG_4;SG_25;SG_39
690|8|CVBF|11|72.7000|SG_30;SG_35;SG_25;SG_3;SG_30;SG_3;SG_50;SG_10
691|8|FVCB|11|72.7000|SG_30;SG_45;SG_5;SG_42;SG_30;SG_45;SG_22;SG_5
692|8|DISCA|11|72.7000|SG_14;SG_50;SG_18;SG_2;SG_45;SG_24;SG_40;SG_42;SG_2
693|11|FWRD|15|73.3000|SG_30;SG_40;SG_22;SG_50;SG_12;SG_19;SG_46;SG_30;SG_41;SG_40;SG_50;SG_46
694|11|HBIO|15|73.3000|SG_29;SG_11;SG_23;SG_43;SG_5;SG_29;SG_11;SG_35;SG_5
695|14|ASRV|19|73.7000|SG_30;SG_38;SG_41;SG_50;SG_5;SG_18;SG_30;SG_41;SG_25;SG_5;SG_46;SG_18
696|17|CPSI|23|73.9000|SG_30;SG_45;SG_35;SG_23;SG_50;SG_43;SG_46;SG_18;SG_39;SG_47;SG_11;SG_4;SG_48;SG_23;SG_50;SG_42;SG_46;SG_18
697|9|LX|12|75.0000|SG_28;SG_38;SG_4;SG_23;SG_17;SG_28;SG_51;SG_23
698|6|III|8|75.0000|SG_38;SG_14;SG_23;SG_38;SG_35;SG_14;SG_46
699|6|GGAL|8|75.0000|SG_30;SG_44;SG_41;SG_3;SG_45;SG_37;SG_23
700|9|FIXX|12|75.0000|SG_45;SG_42;SG_46;SG_39;SG_11;SG_21;SG_25;SG_42;SG_46;SG_47
701|6|GTIM|8|75.0000|SG_25;SG_9;SG_30;SG_25;SG_17;SG_5;SG_42
702|6|ASPU|8|75.0000|SG_28;SG_38;SG_35;SG_21;SG_25;SG_5;SG_42
703|6|LXU|8|75.0000|SG_30;SG_4;SG_26;SG_23;SG_45;SG_4;SG_42
704|3|FCNCA|4|75.0000|SG_2;SG_50;SG_18
705|3|BIDU|4|75.0000|SG_30;SG_22;SG_18;SG_18
706|6|ILMN|8|75.0000|SG_20;SG_50;SG_42;SG_46;SG_29;SG_35;SG_22;SG_46
707|6|DZSI|8|75.0000|SG_14;SG_4;SG_30;SG_35;SG_14;SG_50
708|3|KEQU|4|75.0000|SG_38;SG_35;SG_38;SG_22
709|6|BAND|8|75.0000|SG_21;SG_23;SG_50;SG_47;SG_21;SG_4
710|6|FRHC|8|75.0000|SG_30;SG_23;SG_3;SG_42;SG_10;SG_30
711|13|CRVL|17|76.5000|SG_30;SG_38;SG_45;SG_20;SG_35;SG_50;SG_42;SG_46;SG_30;SG_38;SG_25;SG_3
712|13|IDCC|17|76.5000|SG_30;SG_14;SG_41;SG_25;SG_50;SG_30;SG_20;SG_14;SG_41;SG_25;SG_3;SG_46;SG_39
713|10|DCOM|13|76.9000|SG_4;SG_41;SG_22;SG_39;SG_30;SG_22;SG_18
714|10|CLLS|13|76.9000|SG_29;SG_11;SG_22;SG_43;SG_42;SG_38;SG_21;SG_22;SG_5
715|10|JJSF|13|76.9000|SG_35;SG_25;SG_3;SG_9;SG_39;SG_30;SG_35;SG_41;SG_3;SG_39
716|10|ASMB|13|76.9000|SG_38;SG_21;SG_50;SG_43;SG_5;SG_29;SG_11;SG_21;SG_25;SG_43;SG_5
717|10|LECO|13|76.9000|SG_41;SG_50;SG_12;SG_46;SG_18;SG_30;SG_45;SG_3;SG_50;SG_18
718|10|BWB|13|76.9000|SG_30;SG_4;SG_22;SG_42;SG_30;SG_45;SG_4;SG_22;SG_46;SG_18
719|10|AFIB|13|76.9000|SG_21;SG_22;SG_43;SG_39;SG_21;SG_50;SG_43;SG_5;SG_46
720|7|EGLE|9|77.8000|SG_35;SG_4;SG_50;SG_12;SG_39;SG_4;SG_17;SG_12
721|7|FITB|9|77.8000|SG_45;SG_39;SG_50;SG_46;SG_10;SG_18;SG_39
722|7|ACOR|9|77.8000|SG_28;SG_38;SG_11;SG_43;SG_38;SG_11;SG_35;SG_21
723|14|IAC|18|77.8000|SG_30;SG_35;SG_14;SG_25;SG_42;SG_2;SG_30;SG_25;SG_50;SG_42;SG_18
724|7|CWBC|9|77.8000|SG_17;SG_5;SG_38;SG_41;SG_5
725|7|ALKS|9|77.8000|SG_11;SG_21;SG_3;SG_43;SG_30;SG_22;SG_39
726|11|FSTR|14|78.6000|SG_45;SG_50;SG_12;SG_18;SG_30;SG_22;SG_50;SG_12;SG_5;SG_39
727|11|LANC|14|78.6000|SG_30;SG_45;SG_3;SG_19;SG_9;SG_30;SG_38;SG_45;SG_25;SG_3;SG_50
728|11|HMHC|14|78.6000|SG_30;SG_35;SG_21;SG_23;SG_9;SG_3;SG_42;SG_46;SG_9
729|12|DMTK|15|80.0000|SG_28;SG_35;SG_21;SG_25;SG_50;SG_46;SG_28;SG_11;SG_21;SG_4;SG_50;SG_39
730|12|BGCP|15|80.0000|SG_30;SG_20;SG_4;SG_41;SG_10;SG_39;SG_30;SG_45;SG_4;SG_23
731|4|DUO|5|80.0000|SG_6;SG_22;SG_21;SG_37
732|8|LINC|10|80.0000|SG_22;SG_17;SG_50;SG_5;SG_42;SG_9;SG_22;SG_5;SG_39
733|8|CDXS|10|80.0000|SG_11;SG_35;SG_21;SG_4;SG_25;SG_50;SG_39;SG_35;SG_4
734|8|FORTY|10|80.0000|SG_30;SG_14;SG_33;SG_30;SG_14;SG_4;SG_19
735|8|IMTX|10|80.0000|SG_29;SG_38;SG_43;SG_42;SG_29;SG_38;SG_21;SG_4
736|8|LMNL|10|80.0000|SG_11;SG_45;SG_35;SG_21;SG_37;SG_43;SG_42
737|12|AMPH|15|80.0000|SG_30;SG_11;SG_45;SG_22;SG_19;SG_35;SG_22;SG_50;SG_43;SG_46;SG_47
738|8|AFYA|10|80.0000|SG_4;SG_23;SG_19;SG_39;SG_30;SG_4;SG_42;SG_19;SG_9
739|9|ARCT|11|81.8000|SG_22;SG_42;SG_39;SG_47;SG_21;SG_4;SG_42;SG_47
740|9|GEOS|11|81.8000|SG_21;SG_50;SG_7;SG_5;SG_39;SG_30;SG_21;SG_50
741|14|IDEX|17|82.4000|SG_28;SG_14;SG_21;SG_48;SG_50;SG_46;SG_47;SG_28;SG_14;SG_21;SG_50
742|5|LCNB|6|83.3000|SG_30;SG_10;SG_18;SG_30;SG_41;SG_50
743|5|AMED|6|83.3000|SG_45;SG_3;SG_50;SG_42;SG_18;SG_39
744|10|HCCI|12|83.3000|SG_30;SG_4;SG_25;SG_50;SG_18;SG_39;SG_25;SG_42;SG_18
745|15|LBAI|18|83.3000|SG_45;SG_35;SG_50;SG_46;SG_10;SG_30;SG_4;SG_22;SG_50;SG_46;SG_18
746|11|CMBM|13|84.6000|SG_14;SG_22;SG_42;SG_14;SG_22;SG_50;SG_46
747|11|CNXN|13|84.6000|SG_30;SG_38;SG_14;SG_18;SG_4;SG_48;SG_42;SG_18;SG_47
748|11|KC|13|84.6000|SG_44;SG_45;SG_4;SG_22;SG_44;SG_14;SG_4;SG_22;SG_42
749|11|EFSC|13|84.6000|SG_30;SG_4;SG_22;SG_18;SG_30;SG_45;SG_35;SG_22;SG_46
750|11|ATSG|13|84.6000|SG_30;SG_4;SG_40;SG_30;SG_4;SG_23;SG_12;SG_42
751|6|MEOH|7|85.7000|SG_30;SG_25;SG_7;SG_18;SG_41;SG_25
752|6|ASML|7|85.7000|SG_29;SG_25;SG_19;SG_14;SG_19
753|6|CODA|7|85.7000|SG_37;SG_12;SG_5;SG_18
754|6|LWAY|7|85.7000|SG_22;SG_46;SG_18;SG_45;SG_37;SG_9
755|6|FHB|7|85.7000|SG_35;SG_25;SG_3;SG_30;SG_10;SG_18
756|13|KERN|15|86.7000|SG_11;SG_35;SG_50;SG_46;SG_28;SG_21;SG_50;SG_46
757|13|CGNX|15|86.7000|SG_29;SG_14;SG_19;SG_46;SG_39;SG_2;SG_29;SG_14;SG_50;SG_19;SG_46
758|7|EML|8|87.5000|SG_35;SG_23;SG_50;SG_41;SG_12;SG_5
759|7|KNSL|8|87.5000|SG_50;SG_35;SG_41;SG_22;SG_50;SG_46
760|7|LBC|8|87.5000|SG_30;SG_50;SG_4;SG_41;SG_37;SG_50
761|7|FFNW|8|87.5000|SG_30;SG_35;SG_41;SG_5;SG_38;SG_5
762|15|LAUR|17|88.2000|SG_35;SG_21;SG_46;SG_9;SG_30;SG_40;SG_3;SG_22;SG_50;SG_42
763|8|GRIN|9|88.9000|SG_30;SG_38;SG_23;SG_17;SG_30;SG_35;SG_23
764|8|COLB|9|88.9000|SG_30;SG_41;SG_50;SG_10;SG_18;SG_35;SG_3;SG_47
765|8|TTI|9|88.9000|SG_4;SG_26;SG_46;SG_39;SG_30;SG_26;SG_25
766|10|KBAL|11|90.9000|SG_30;SG_21;SG_4;SG_22;SG_50;SG_46;SG_41;SG_50
767|3|AEIS|3|100.0000|SG_40;SG_50;SG_12
768|9|AVGO|9|100.0000|SG_30;SG_50;SG_46;SG_14;SG_19;SG_46;SG_39
